rank	motif_DB	motif_ID	motif_alt_ID	consensus	p-value	adj_p-value	E-value	tests	FASTA_max	pos	neg	PWM_min	TP	%TP	FP	%FP
1	Ath_TF_binding_motifs.meme	AT5G05550	MP00488	HWTYTCCGGCGAYRD	2.99e-366	2.24e-362	1.39e-359	7505	3000	3000	28712	1.06	1692	56.4	5790	20.17
2	Ath_TF_binding_motifs.meme	AT2G15740	MP00264	RWCGAYGACGW	7.69e-325	9.01e-321	5.58e-318	11715	3000	3000	28712	1.07	2070	69	9381	32.67
3	Ath_TF_binding_motifs.meme	AT3G58630	MP00413	VHWTCTCCGGCGAND	4.94E-284	3.21E-280	1.99E-277	6507	3000	3000	28712	1.06	1445	48.17	5041	17.56
4	Ath_TF_binding_motifs.meme	AT5G43410	MP00029	NMGCCGCCDN	3.85E-274	2.99E-270	1.85E-267	7759	3000	3000	28712	1.04	1576	52.53	6098	21.24
5	Ath_TF_binding_motifs.meme	AT3G16770	MP00109	GCGCCGCC	3.80E-271	2.28E-267	1.41E-264	6005	3000	3000	28712	1.02	1362	45.4	4639	16.16
6	Ath_TF_binding_motifs.meme	AT3G14180	MP00356	TCGCCGGARAW	9.30E-262	6.10E-258	3.77E-255	6556	3000	3000	28712	1.04	1417	47.23	5128	17.86
7	Ath_TF_binding_motifs.meme	AT5G19790	MP00521	CYDYCDYCGCCGGCN	5.38E-261	3.48E-257	2.16E-254	6483	3000	3000	28712	1.07	1406	46.87	5062	17.63
8	Ath_TF_binding_motifs.meme	AT5G22990	MP00523	WCGWYWTCGWYNTCD	2.13E-252	2.08E-248	1.29E-245	9750	3000	3000	28712	1.03	1775	59.17	7973	27.77
9	Ath_TF_binding_motifs.meme	AT1G53170	MP00202	NCCDCCGCCGCCGYM	3.68E-247	2.12E-243	1.31E-240	5761	3000	3000	28712	1.09	1291	43.03	4462	15.54
10	Ath_TF_binding_motifs.meme	AT5G18560	MP00520	CCDCCKCCGCCGYYD	3.09E-246	1.62E-242	1.00E-239	5255	3000	3000	28712	1.09	1221	40.7	4020	14
11	Ath_TF_binding_motifs.meme	AT1G28160	MP00163	YGRCGGCGGMGRHGG	1.33E-237	6.39E-234	3.95E-231	4818	3000	3000	28712	1.08	1149	38.3	3669	12.78
12	Ath_TF_binding_motifs.meme	AT5G64750	MP00584	GRHGRHDDTKGCGGCGGMG	4.49E-237	2.30E-233	1.43E-230	5127	3000	3000	28712	1.16	1188	39.6	3919	13.65
13	Ath_TF_binding_motifs.meme	AT1G43160	MP00183	TKGCGGCGGMGGHGG	2.58E-236	1.35E-232	8.34E-230	5223	3000	3000	28712	1.1	1202	40.07	4017	13.99
14	Ath_TF_binding_motifs.meme	AT5G13910	MP00509	DCCKCCGCCGYCDMHDCCKCC	1.13E-230	6.38E-227	3.95E-224	5635	3000	3000	28712	1.5	1216	40.53	4176	14.54
15	Ath_TF_binding_motifs.meme	AT1G28370	MP00164	CCDCCKCCGCCGYCA	7.04E-226	3.95E-222	2.44E-219	5612	3000	3000	28712	1.09	1237	41.23	4374	15.23
16	Ath_TF_binding_motifs.meme	AT1G50640	MP00194	TGRCGGCGGMGGHGG	1.28E-222	6.83E-219	4.23E-216	5360	3000	3000	28712	1.12	1192	39.73	4121	14.35
17	Ath_TF_binding_motifs.meme	AT3G20310	MP00366	YCNCCNCCDYCDCCGCCGYCA	1.46E-213	1.05E-209	6.53E-207	7209	3000	3000	28712	1.25	1415	47.17	5786	20.15
18	Ath_TF_binding_motifs.meme	AT2G33710	MP00289	CCDCCGCCGCCGYCR	5.98E-208	2.90E-204	1.79E-201	4847	3000	3000	28712	1.1	1104	36.8	3741	13.03
19	Ath_TF_binding_motifs.meme	AT5G47230	MP00549	CCDCCGCCGCCGCCR	2.42E-206	1.44E-202	8.91E-200	5946	3000	3000	28712	1.22	1223	40.77	4540	15.81
20	Ath_TF_binding_motifs.meme	AT5G07310	MP00495	CCGCCGCCRYCGCCG	1.89E-204	1.12E-200	6.94E-198	5921	3000	3000	28712	1.13	1238	41.27	4668	16.26
21	Ath_TF_binding_motifs.meme	AT1G03800	MP00124	NCCDCCNYCDCCGCCGCCRYH	3.27E-202	1.83E-198	1.13E-195	5588	3000	3000	28712	1.22	1193	39.77	4395	15.31
22	Ath_TF_binding_motifs.meme	AT5G44210	MP00542	YGGCGGHKRYGGCGGCGGMGR	1.16E-194	6.27E-191	3.88E-188	5413	3000	3000	28712	1.42	1155	38.5	4245	14.78
23	Ath_TF_binding_motifs.meme	AT4G28140	MP00458	GDCGGYGGHGRHGRHGGNGR	1.21E-194	7.64E-191	4.73E-188	6308	3000	3000	28712	1.12	1270	42.33	5031	17.52
24	Ath_TF_binding_motifs.meme	AT1G71450	MP00227	CDCCRCCRCCDCCRCCGYCR	1.06E-194	8.74E-191	5.41E-188	8244	3000	3000	28712	1.25	1495	49.83	6691	23.3
25	Ath_TF_binding_motifs.meme	AT1G06280	MP00128	SCGAWRAWDTCGGAG	1.02E-192	6.24E-189	3.86E-186	6134	3000	3000	28712	1.04	1240	41.33	4850	16.89
26	Ath_TF_binding_motifs.meme	AT4G34410	MP00469	RWWATKRCGGCGGMG	1.91E-191	7.84E-188	4.85E-185	4112	3000	3000	28712	1.06	974	32.47	3138	10.93
27	Ath_TF_binding_motifs.meme	AT4G36900	MP00020	VGCGCCGCCT	9.34E-190	3.99E-186	2.47E-183	4274	3000	3000	28712	1.03	994	33.13	3280	11.42
28	Ath_TF_binding_motifs.meme	AT1G68550	MP00217	CCDCCKCCGCCGCCR	1.63E-189	8.72E-186	5.40E-183	5359	3000	3000	28712	1.16	1130	37.67	4150	14.45
29	Ath_TF_binding_motifs.meme	AT5G47220	MP00548	YCDCCDCCDCCGCCGCCRYYD	1.53E-187	8.13E-184	5.03E-181	5294	3000	3000	28712	1.28	1128	37.6	4164	14.5
30	Ath_TF_binding_motifs.meme	AT4G16750	MP00436	CNHCDYCRCCGACAH	9.37E-186	6.16E-182	3.82E-179	6580	3000	3000	28712	1.05	1286	42.87	5280	18.39
31	Ath_TF_binding_motifs.meme	AT4G23750	MP00027	SCGCCGCC	2.47E-184	1.15E-180	7.10E-178	4635	3000	3000	28712	1.06	1029	34.3	3566	12.42
32	Ath_TF_binding_motifs.meme	AT1G28360	MP00645	CGSCGCCR	2.30E-183	6.19E-180	3.83E-177	2694	3000	3000	28712	1.02	747	24.9	1944	6.77
33	Ath_TF_binding_motifs.meme	AT5G61600	MP00572	CDCCDCCDCCGCCGCCRYH	1.71E-178	8.67E-175	5.37E-172	5078	3000	3000	28712	1.23	1082	36.07	3986	13.88
34	Ath_TF_binding_motifs.meme	AT5G63090	MP00581	WCCGCCGCCDYCKCCGCCGCH	2.16E-178	1.10E-174	6.80E-172	5077	3000	3000	28712	1.42	1083	36.1	3994	13.91
35	Ath_TF_binding_motifs.meme	AT3G23220	MP00373	HGRYGGCGGCGGHGG	3.19E-175	1.52E-171	9.41E-169	4760	3000	3000	28712	1.11	1035	34.5	3725	12.97
36	Ath_TF_binding_motifs.meme	AT1G78080	MP00026	CRCCGACCAN	9.90E-170	8.65E-166	5.35E-163	8730	3000	3000	28712	1.01	1503	50.1	7200	25.08
37	Ath_TF_binding_motifs.meme	AT1G65620	MP00211	YCDCCGCCGYHDYYKCCGCCG	2.25E-169	1.16E-165	7.18E-163	5161	3000	3000	28712	1.26	1075	35.83	4069	14.17
38	Ath_TF_binding_motifs.meme	AT5G25190	MP00526	HGGHGGHGGCGGCGGMGGW	3.93E-167	2.40E-163	1.49E-160	6115	3000	3000	28712	1.33	1169	38.97	4744	16.52
39	Ath_TF_binding_motifs.meme	AT1G53910	MP00204	NGRHDRHDRYGGCGGCGGHGR	2.83E-165	1.21E-161	7.52E-159	4299	3000	3000	28712	1.2	951	31.7	3324	11.58
40	Ath_TF_binding_motifs.meme	AT1G22810	MP00158	GGHGGYGGCGGTGGH	6.77E-164	4.54E-160	2.81E-157	6705	3000	3000	28712	1.19	1233	41.1	5251	18.29
41	Ath_TF_binding_motifs.meme	AT2G30340	MP00283	CGSCGGADWWKRCGGCG	3.15E-160	1.49E-156	9.21E-154	4718	3000	3000	28712	1.09	1001	33.37	3713	12.93
42	Ath_TF_binding_motifs.meme	AT1G12630	MP00138	HNHYDYHDHYKYYRCCGACAH	1.07E-159	5.65E-156	3.50E-153	5289	3000	3000	28712	1.12	1068	35.6	4165	14.51
43	Ath_TF_binding_motifs.meme	AT3G15210	MP00358	YCKCCGCCGCCAHHD	5.57E-159	2.00E-155	1.24E-152	3596	3000	3000	28712	1.11	837	27.9	2708	9.43
44	Ath_TF_binding_motifs.meme	AT2G40220	MP00674	CGSYGCCCCC	1.07E-156	5.41E-153	3.35E-150	5040	3000	3000	28712	1.02	1037	34.57	4002	13.94
45	Ath_TF_binding_motifs.meme	AT5G51190	MP00556	RHRRYGGCGGCGGHG	7.56E-155	3.16E-151	1.96E-148	4179	3000	3000	28712	1.1	917	30.57	3250	11.32
46	Ath_TF_binding_motifs.meme	AT4G18450	MP00441	RYGGCGGCGGHGGHGGH	3.25E-153	1.32E-149	8.17E-147	4057	3000	3000	28712	1.17	898	29.93	3153	10.98
47	Ath_TF_binding_motifs.meme	AT1G19210	MP00151	DTGGWCGGTGRHGR	3.11E-153	1.84E-149	1.14E-146	5937	3000	3000	28712	1.04	1144	38.13	4792	16.69
48	Ath_TF_binding_motifs.meme	AT1G75490	MP00240	CCDCCDCCACCGCCD	5.84E-153	3.65E-149	2.26E-146	6242	3000	3000	28712	1.08	1180	39.33	5053	17.6
49	Ath_TF_binding_motifs.meme	AT1G72360	MP00230	YCDYCKCCGCCGCCRYHDYHN	1.15E-151	4.52E-148	2.80E-145	3916	3000	3000	28712	1.19	876	29.2	3037	10.58
50	Ath_TF_binding_motifs.meme	AT2G31230	MP00286	CDCCDCCGCCGCCRY	3.52E-151	1.70E-147	1.05E-144	4842	3000	3000	28712	1.1	998	33.27	3825	13.32
51	Ath_TF_binding_motifs.meme	AT4G31060	MP00463	CCACCGACAMHDHYDHCNNH	1.07E-149	5.07E-146	3.14E-143	4737	3000	3000	28712	1.09	983	32.77	3748	13.05
52	Ath_TF_binding_motifs.meme	AT5G65130	MP00585	CCDCCDCCRCCGCCA	1.83E-140	1.05E-136	6.51E-134	5741	3000	3000	28712	1.1	1093	36.43	4646	16.18
53	Ath_TF_binding_motifs.meme	AT2G35700	MP00292	TGTCGGTGRHGDHDD	2.18E-137	1.07E-133	6.64E-131	4923	3000	3000	28712	1.05	983	32.77	3937	13.71
54	Ath_TF_binding_motifs.meme	AT4G27950	MP00456	CCKCCGCCGCCRCCDCMDCCD	6.25E-137	2.72E-133	1.69E-130	4355	3000	3000	28712	1.44	908	30.27	3447	12.01
55	Ath_TF_binding_motifs.meme	AT1G46768	MP00188	DTGTCGGTGGHGR	1.37E-136	6.69E-133	4.14E-130	4894	3000	3000	28712	1.07	974	32.47	3889	13.54
56	Ath_TF_binding_motifs.meme	AT5G67000	MP00594	HDDHTRCGGCKGHGG	9.69E-137	6.79E-133	4.20E-130	7006	3000	3000	28712	1.13	1212	40.4	5577	19.42
57	Ath_TF_binding_motifs.meme	AT5G67190	MP00595	YCDYCDCCACCGACA	2.55E-134	1.36E-130	8.43E-128	5342	3000	3000	28712	1.06	1030	34.33	4309	15.01
58	Ath_TF_binding_motifs.meme	AT2G44840	MP00311	MKCMGCCGCCATWDY	4.16E-128	1.49E-124	9.20E-122	3576	3000	3000	28712	1.46	741	24.7	2525	8.79
59	Ath_TF_binding_motifs.meme	AT1G44830	MP00185	CCDCCDCCACCGMCA	6.13E-120	3.18E-116	1.97E-113	5189	3000	3000	28712	1.09	977	32.57	4188	14.59
60	Ath_TF_binding_motifs.meme	AT4G17490	MP00437	CCDYCDCCGCCGCCRCHDCHD	3.86E-119	1.12E-115	6.92E-113	2900	3000	3000	28712	1.35	667	22.23	2202	7.67
61	Ath_TF_binding_motifs.meme	AT1G36060	MP00182	DTKGKCGGTGGHGR	3.31E-119	1.70E-115	1.05E-112	5154	3000	3000	28712	1.04	974	32.47	4180	14.56
62	Ath_TF_binding_motifs.meme	AT1G06160	MP00023	MGCCGCCR	4.42E-116	1.99E-112	1.23E-109	4512	3000	3000	28712	1.22	827	27.57	3239	11.28
63	Ath_TF_binding_motifs.meme	AT3G50260	MP00401	CCDYCDCCACCGMCA	1.68E-115	9.89E-112	6.12E-109	5898	3000	3000	28712	1.16	1037	34.57	4695	16.35
64	Ath_TF_binding_motifs.meme	AT3G23240	MP00374	YHNYMDYMGCCGCCRYHDHHDHHNHHNN	1.87E-113	5.08E-110	3.14E-107	2711	3000	3000	28712	1.37	633	21.1	2076	7.23
65	Ath_TF_binding_motifs.meme	AT1G21910	MP00156	YCNCCDYCDYCDCCACCGMC	1.47E-113	7.06E-110	4.37E-107	4815	3000	3000	28712	1.25	896	29.87	3741	13.03
66	Ath_TF_binding_motifs.meme	AT5G18450	MP00519	GGHGGAGGCGGTGGH	1.60E-110	9.43E-107	5.84E-104	5905	3000	3000	28712	1.18	1025	34.17	4704	16.38
67	Ath_TF_binding_motifs.meme	AT5G25810	MP00529	HDYCACCGACAHHDN	1.07E-105	4.69E-102	2.90E-99	4369	3000	3000	28712	1.03	844	28.13	3524	12.27
68	Ath_TF_binding_motifs.meme	AT3G57600	MP00411	CCDCCACCGCC	1.95E-96	8.68E-93	5.37E-90	4442	3000	3000	28712	1.34	797	26.57	3369	11.73
69	Ath_TF_binding_motifs.meme	AT2G40340	MP00302	GGMGGYGGHGGYGGYGGTGGW	5.24E-96	2.83E-92	1.75E-89	5407	3000	3000	28712	1.46	932	31.07	4320	15.05
70	Ath_TF_binding_motifs.meme	AT5G52020	MP00558	HDDTGTCGGCRRHDD	4.62E-94	1.83E-90	1.13E-87	3964	3000	3000	28712	1.03	764	25.47	3189	11.11
71	Ath_TF_binding_motifs.meme	AT2G42430	MP00309	CCGGAAAATCCGGMR	1.82E-92	8.64E-89	5.35E-86	4746	3000	3000	28712	1.05	861	28.7	3885	13.53
72	Ath_TF_binding_motifs.meme	AT2G45420	MP00314	HHDYCKCCGGATTTTCCGS	3.77E-85	2.05E-81	1.27E-78	5425	3000	3000	28712	1.14	902	30.07	4329	15.08
73	Ath_TF_binding_motifs.meme	AT1G77640	MP00246	KDNGDNGDHDDTGTCGGTGGH	1.21E-82	4.78E-79	2.96E-76	3966	3000	3000	28712	1.13	736	24.53	3208	11.17
74	Ath_TF_binding_motifs.meme	AT4G36620	MP00472	YNGATCBGATY	4.16E-81	2.13E-77	1.32E-74	5121	3000	3000	28712	1.03	875	29.17	4220	14.7
75	Ath_TF_binding_motifs.meme	AT2G44940	MP00312	HDKTGTCGGTGRHDD	4.27E-80	1.54E-76	9.51E-74	3593	3000	3000	28712	1.06	682	22.73	2891	10.07
76	Ath_TF_binding_motifs.meme	AT2G31220	MP00285	DNHDDTGTCGGTGR	9.64E-77	3.59E-73	2.22E-70	3727	3000	3000	28712	1.05	692	23.07	3021	10.52
77	Ath_TF_binding_motifs.meme	AT5G25390	MP00527	WCCDCCGCCRCCDCCGCCGCC	1.89E-76	6.50E-73	4.02E-70	3448	3000	3000	28712	1.75	657	21.9	2791	9.72
78	Ath_TF_binding_motifs.meme	AT3G11020	MP00346	NRDYDAWGKCGGTGRHKRNDR	1.56E-74	6.90E-71	4.27E-68	4424	3000	3000	28712	1.11	770	25.67	3607	12.56
79	Ath_TF_binding_motifs.meme	AT2G18380	MP00110	TNGATCNGATYND	2.38E-70	1.82E-66	1.13E-63	7649	3000	3000	28712	1.75	831	27.7	4141	14.42
80	Ath_TF_binding_motifs.meme	AT5G22220	MP00661	RSGCGCCHWN	8.40E-66	2.52E-62	1.56E-59	3005	3000	3000	28712	1.01	573	19.1	2431	8.47
81	Ath_TF_binding_motifs.meme	AT1G01250	MP00120	DNHDKTGTCGGTGRH	2.77E-61	8.68E-58	5.37E-55	3137	3000	3000	28712	1.04	579	19.3	2558	8.91
82	Ath_TF_binding_motifs.meme	AT2G43000	MP00310	YGCCGTNNHNNHNMCGBHRY	3.30E-55	7.95E-52	4.92E-49	2409	3000	3000	28712	1.19	450	15	1826	6.36
83	Ath_TF_binding_motifs.meme	AT5G65510	MP00589	CGNWTYYCGAG	2.10E-55	1.06E-51	6.54E-49	5037	3000	3000	28712	1.33	674	22.47	3351	11.67
84	Ath_TF_binding_motifs.meme	AT3G16280	MP00362	HDDTGTCGGTGRHD	2.67E-54	1.08E-50	6.70E-48	4064	3000	3000	28712	1.03	675	22.5	3385	11.79
85	Ath_TF_binding_motifs.meme	AT3G60530	MP00415	WYYYAGATCYRRWTY	7.86E-51	4.78E-47	2.96E-44	6091	3000	3000	28712	1.04	895	29.83	5153	17.95
86	Ath_TF_binding_motifs.meme	AT3G49930	MP00399	GAAATCW	4.28E-48	4.78E-44	2.96E-41	11160	3000	3000	28712	1.39	1421	47.37	9706	33.8
87	Ath_TF_binding_motifs.meme	AT3G10030	MP00340	HNTTAACGGCGTYA	7.92E-47	2.31E-43	1.43E-40	2911	3000	3000	28712	1.07	504	16.8	2350	8.18
88	Ath_TF_binding_motifs.meme	AT4G25480	MP00453	HDYYRCCGACATND	1.45E-44	5.16E-41	3.19E-38	3564	3000	3000	28712	1.03	585	19.5	2976	10.37
89	Ath_TF_binding_motifs.meme	AT3G26620	MP00381	RGCGNAWTTYNCGCY	6.49E-43	1.72E-39	1.07E-36	2651	3000	3000	28712	1.04	466	15.53	2176	7.58
90	Ath_TF_binding_motifs.meme	AT1G59750	MP00097	ACCGACAN	1.48E-42	4.29E-39	2.66E-36	2892	3000	3000	28712	1.09	492	16.4	2364	8.23
91	Ath_TF_binding_motifs.meme	AT4G25490	MP00454	DYYRCCGACATN	8.36E-41	2.75E-37	1.70E-34	3288	3000	3000	28712	2.12	441	14.7	2052	7.15
92	Ath_TF_binding_motifs.meme	AT2G38340	MP00298	NNHHTHMACCGACWTWR	1.65E-38	5.29E-35	3.28E-32	3207	3000	3000	28712	1.29	498	16.6	2505	8.72
93	Ath_TF_binding_motifs.meme	AT1G77200	MP00245	YCACCGACAMWDNH	4.12E-36	9.80E-33	6.07E-30	2379	3000	3000	28712	1.04	412	13.73	1960	6.83
94	Ath_TF_binding_motifs.meme	AT5G51990	MP00557	YNATGTCGGYRRH	3.85E-36	1.24E-32	7.67E-30	3216	3000	3000	28712	1.98	415	13.83	1980	6.9
95	Ath_TF_binding_motifs.meme	AT3G12910	MP00353	YGSCGTVRWDDHBACGK	4.17E-35	7.13E-32	4.42E-29	1712	3000	3000	28712	1.22	311	10.37	1309	4.56
96	Ath_TF_binding_motifs.meme	AT5G39820	MP00537	YGCCGTVNHNNHCACGBH	1.37E-33	2.60E-30	1.61E-27	1903	3000	3000	28712	1.28	327	10.9	1443	5.03
97	Ath_TF_binding_motifs.meme	AT2G32460	MP00287	AAMHNTAACCGAAWH	3.96E-31	3.89E-27	2.41E-24	9820	3000	3000	28712	6.75	314	10.47	1409	4.91
98	Ath_TF_binding_motifs.meme	AT2G45410	MP00313	CCGGAAAATCCGGAD	1.80E-30	5.65E-27	3.50E-24	3146	3000	3000	28712	1.13	472	15.73	2535	8.83
99	Ath_TF_binding_motifs.meme	AT1G72740	MP00231	CCTAAACCCTAAWYC	7.37E-29	3.65E-25	2.26E-22	4954	3000	3000	28712	1.92	632	21.07	3810	13.27
100	Ath_TF_binding_motifs.meme	AT2G22300	MP00042	CCGCGTNNN	9.29E-29	4.42E-25	2.73E-22	4753	3000	3000	28712	1.2	588	19.6	3469	12.08
101	Ath_TF_binding_motifs.meme	AT3G24050	MP00377	RTGRTGRTGRTGRTG	7.24E-29	6.80E-25	4.21E-22	9393	3000	3000	28712	1.07	1154	38.47	8192	28.53
102	Ath_TF_binding_motifs.meme	AT2G01760	MP00098	AGATWCGS	1.17E-27	3.77E-24	2.33E-21	3232	3000	3000	28712	1.02	488	16.27	2740	9.54
103	Ath_TF_binding_motifs.meme	AT5G67580	MP00597	WWWWHTWWRCCCTAAWTHH	1.10E-27	6.75E-24	4.18E-21	6111	3000	3000	28712	1.57	763	25.43	4911	17.1
104	Ath_TF_binding_motifs.meme	AT5G64220	MP00043	NNDVCGCGT	2.26E-27	1.04E-23	6.44E-21	4597	3000	3000	28712	1.27	553	18.43	3246	11.31
105	Ath_TF_binding_motifs.meme	AT2G23340	MP00276	HDWTGTCGGTGRHDNND	5.32E-27	1.10E-23	6.80E-21	2062	3000	3000	28712	1.05	345	11.5	1717	5.98
106	Ath_TF_binding_motifs.meme	AT4G06746	MP00430	HNNNNNHDYCACCGACAWH	8.88E-27	1.90E-23	1.18E-20	2143	3000	3000	28712	1.06	353	11.77	1779	6.2
107	Ath_TF_binding_motifs.meme	AT5G10510	MP00504	CCTCGRDAWNCGTGM	1.16E-25	3.41E-22	2.11E-19	2946	3000	3000	28712	1.13	420	14	2295	7.99
108	Ath_TF_binding_motifs.meme	AT5G18830	MP00604	BCGTACGVCV	3.83E-24	9.35E-21	5.79E-18	2440	3000	3000	28712	1.04	374	12.47	2003	6.98
109	Ath_TF_binding_motifs.meme	AT5G05090	MP00056	NHAGATHCGNN	1.14E-24	1.12E-20	6.90E-18	9784	3000	3000	28712	1.67	721	24.03	4695	16.35
110	Ath_TF_binding_motifs.meme	AT4G25470	MP00452	HHNYYRCCGACATVD	2.39E-22	5.44E-19	3.37E-16	2282	3000	3000	28712	1.13	345	11.5	1845	6.43
111	Ath_TF_binding_motifs.meme	AT4G00270	MP00061	CCGGCCGC	7.12E-22	1.04E-18	6.46E-16	1467	3000	3000	28712	1.06	244	8.13	1148	4
112	Ath_TF_binding_motifs.meme	AT1G76870	MP00242	AWHHWAAACCRSWW	3.28E-22	3.08E-18	1.90E-15	9387	3000	3000	28712	3.07	648	21.6	4205	14.65
113	Ath_TF_binding_motifs.meme	AT3G46640	MP00014	BHAAGATWCGSTNR	7.44E-22	7.04E-18	4.36E-15	9463	3000	3000	28712	1.1	1039	34.63	7551	26.3
114	Ath_TF_binding_motifs.meme	AT3G22170	MP00078	HHCACGCGCTNN	1.22E-20	2.48E-17	1.53E-14	2030	3000	3000	28712	1.06	315	10.5	1678	5.84
115	Ath_TF_binding_motifs.meme	AT1G74930	MP00601	CRCCGACCAA	1.55E-20	3.88E-17	2.40E-14	2507	3000	3000	28712	1.04	372	12.4	2101	7.32
116	Ath_TF_binding_motifs.meme	AT2G02820	MP00259	NNHHCACGCKCCWCY	2.44E-20	7.08E-17	4.38E-14	2902	3000	3000	28712	1.81	338	11.27	1855	6.46
117	Ath_TF_binding_motifs.meme	AT1G68200	MP00383	CCGAAAAWWTCGGAD	2.20E-19	3.48E-16	2.15E-13	1584	3000	3000	28712	1.06	260	8.67	1321	4.6
118	Ath_TF_binding_motifs.meme	AT2G17180	MP00621	MSCAGCTGSS	1.27E-19	6.49E-16	4.02E-13	5108	3000	3000	28712	1.02	662	22.07	4440	15.46
119	Ath_TF_binding_motifs.meme	AT5G28770	MP00040	NNCTSACGTGGN	2.98E-19	1.60E-15	9.89E-13	5360	3000	3000	28712	1.03	686	22.87	4658	16.22
120	Ath_TF_binding_motifs.meme	AT3G60030	MP00060	NGTACGGH	1.79E-18	5.67E-15	3.51E-12	3168	3000	3000	28712	1.08	409	13.63	2456	8.55
121	Ath_TF_binding_motifs.meme	AT1G53160	MP00634	NNGTACGGHN	3.41E-18	8.23E-15	5.10E-12	2418	3000	3000	28712	1.07	342	11.4	1955	6.81
122	Ath_TF_binding_motifs.meme	AT4G18390	MP00063	RTGGKMCCAY	3.81E-18	1.72E-14	1.06E-11	4506	3000	3000	28712	1.02	586	19.53	3884	13.53
123	Ath_TF_binding_motifs.meme	AT1G08000	MP00047	TAGATCTG	3.02E-18	1.95E-14	1.21E-11	6453	3000	3000	28712	1.04	764	25.47	5369	18.7
124	Ath_TF_binding_motifs.meme	AT5G45300	MP00543	YCACACGTGYSAANT	5.75E-17	8.20E-14	5.07E-11	1425	3000	3000	28712	7.86	134	4.47	538	1.87
125	Ath_TF_binding_motifs.meme	AT5G37020	MP00033	NHTGTCGGN	2.01E-17	1.23E-13	7.63E-11	6139	3000	3000	28712	1.06	718	23.93	5023	17.49
126	Ath_TF_binding_motifs.meme	AT4G24470	MP00451	TCTBRRCCGTTSGAT	1.68E-16	3.83E-13	2.37E-10	2287	3000	3000	28712	1.08	332	11.07	1939	6.75
127	Ath_TF_binding_motifs.meme	AT1G72050	MP00229	CYTCCTCCTCCTCCTCCTC	5.08E-17	6.87E-13	4.25E-10	13518	3000	3000	28712	1.5	1446	48.2	11570	40.3
128	Ath_TF_binding_motifs.meme	AT1G09770	MP00028	VGCTCAGCGCS	9.02E-16	1.50E-12	9.27E-10	1659	3000	3000	28712	1.05	254	8.47	1383	4.82
129	Ath_TF_binding_motifs.meme	AT3G60490	MP00414	DDWWKTGTCGGTGG	1.73E-15	2.43E-12	1.51E-09	1409	3000	3000	28712	1.11	222	7.4	1161	4.04
130	Ath_TF_binding_motifs.meme	AT4G18890	MP00444	YGCACGTGTGR	3.66E-15	6.08E-12	3.76E-09	1660	3000	3000	28712	7.44	162	5.4	755	2.63
131	Ath_TF_binding_motifs.meme	AT3G23210	MP00372	GTGNNNRVCACGTGBCDNHDBDH	2.35E-15	7.33E-12	4.54E-09	3118	3000	3000	28712	2.1	347	11.57	2097	7.3
132	Ath_TF_binding_motifs.meme	AT2G20570	MP00022	RAGAATCTGD	7.54E-16	7.86E-12	4.87E-09	10429	3000	3000	28712	1.07	1140	38	8835	30.77
133	Ath_TF_binding_motifs.meme	AT4G36730	MP00039	YBACGTGKMH	1.33E-15	8.16E-12	5.05E-09	6155	3000	3000	28712	4.11	314	10.47	1835	6.39
134	Ath_TF_binding_motifs.meme	AT1G08010	MP00130	RRATYYAGATCTGAD	3.61E-15	1.50E-11	9.27E-09	4145	3000	3000	28712	1.08	525	17.5	3529	12.29
135	Ath_TF_binding_motifs.meme	AT1G45249	MP00186	DWWWNTGCCACGTSWCCW	7.30E-15	1.54E-11	9.52E-09	2107	3000	3000	28712	1.21	302	10.07	1771	6.17
136	Ath_TF_binding_motifs.meme	AT4G31920	MP00072	AGATHYKV	1.58E-15	2.05E-11	1.27E-08	12978	3000	3000	28712	1.7	896	29.87	6676	23.25
137	Ath_TF_binding_motifs.meme	AT1G78700	MP00248	YGCACGTGTGV	3.90E-14	3.47E-11	2.15E-08	890	3000	3000	28712	1.48	153	5.1	719	2.5
138	Ath_TF_binding_motifs.meme	AT1G32150	MP00173	TGCCACGTSABCWHH	1.49E-14	4.16E-11	2.58E-08	2791	3000	3000	28712	1.33	363	12.1	2254	7.85
139	Ath_TF_binding_motifs.meme	AT2G33550	MP00288	WDDNHHAWDTRCCCTWAA	5.47E-15	4.18E-11	2.59E-08	7652	3000	3000	28712	1.11	860	28.67	6395	22.27
140	Ath_TF_binding_motifs.meme	AT5G25830	MP00530	RATYYAGATCTRA	1.15E-14	4.88E-11	3.02E-08	4235	3000	3000	28712	1.08	526	17.53	3563	12.41
141	Ath_TF_binding_motifs.meme	AT4G32800	MP00467	HDCCACCGACAMWWHH	4.94E-14	6.28E-11	3.89E-08	1272	3000	3000	28712	1.05	203	6.77	1068	3.72
142	Ath_TF_binding_motifs.meme	AT2G33810	MP00290	TCCGTACA	3.65E-14	6.28E-11	3.89E-08	1723	3000	3000	28712	1.24	258	8.6	1465	5.1
143	Ath_TF_binding_motifs.meme	AT1G19350	MP00073	MRCACGTGKSV	4.31E-14	1.15E-10	7.10E-08	2660	3000	3000	28712	7.18	230	7.67	1261	4.39
144	Ath_TF_binding_motifs.meme	AT2G33860	MP00021	TTGTCGGAAH	3.78E-14	1.27E-10	7.86E-08	3357	3000	3000	28712	1.02	443	14.77	2910	10.14
145	Ath_TF_binding_motifs.meme	AT1G74480	MP00234	NHGACKYTTCRDCTTCCYH	3.64E-14	1.43E-10	8.84E-08	3920	3000	3000	28712	1.27	472	15.73	3145	10.95
146	Ath_TF_binding_motifs.meme	AT4G36780	MP00474	YCACACGTGCR	1.96E-13	1.71E-10	1.06E-07	872	3000	3000	28712	4.35	126	4.2	557	1.94
147	Ath_TF_binding_motifs.meme	AT1G49950	MP00607	DTTAGGKYG	4.57E-14	3.20E-10	1.98E-07	7015	3000	3000	28712	1.35	806	26.87	5983	20.84
148	Ath_TF_binding_motifs.meme	AT2G24260	MP00659	NVCACGTGBN	1.10E-13	4.77E-10	2.96E-07	4335	3000	3000	28712	3.82	307	10.23	1854	6.46
149	Ath_TF_binding_motifs.meme	AT2G35530	MP00291	DDWKSHSACGTGGCA	2.82E-13	5.90E-10	3.65E-07	2088	3000	3000	28712	1.19	291	9.7	1747	6.08
150	Ath_TF_binding_motifs.meme	AT3G10800	MP00345	DNWKRTSACGTGGCA	2.72E-13	8.78E-10	5.43E-07	3230	3000	3000	28712	1.17	417	13.9	2741	9.55
151	Ath_TF_binding_motifs.meme	AT2G47070	MP00603	DCCGTACGGA	1.86E-12	1.83E-09	1.13E-06	983	3000	3000	28712	1.08	152	5.07	754	2.63
152	Ath_TF_binding_motifs.meme	AT3G11440	MP00348	WHYVTAACCGHMW	2.89E-13	1.86E-09	1.15E-06	6446	3000	3000	28712	1.78	468	15.6	3158	11
153	Ath_TF_binding_motifs.meme	AT3G56850	MP00409	DDWGGWSACGTGGCA	1.22E-12	2.34E-09	1.45E-06	1928	3000	3000	28712	1.07	275	9.17	1649	5.74
154	Ath_TF_binding_motifs.meme	AT2G46270	MP00318	TGCCACGTCABCWHH	2.90E-12	6.12E-09	3.79E-06	2108	3000	3000	28712	1.16	289	9.63	1772	6.17
155	Ath_TF_binding_motifs.meme	AT3G54990	MP00075	CCTCGTAC	6.69E-12	1.35E-08	8.35E-06	2017	3000	3000	28712	1.05	273	9.1	1663	5.79
156	Ath_TF_binding_motifs.meme	AT1G01260	MP00100	RCACGTGC	8.41E-12	2.14E-08	1.32E-05	2543	3000	3000	28712	3.86	232	7.73	1354	4.72
157	Ath_TF_binding_motifs.meme	AT2G36270	MP00294	DDDWGRWSACGTGGCANH	1.18E-11	2.35E-08	1.45E-05	1990	3000	3000	28712	6.39	206	6.87	1165	4.06
158	Ath_TF_binding_motifs.meme	AT3G20840	MP00368	KGCACGVWTHYCGAGRHRD	1.55E-11	2.52E-08	1.56E-05	1620	3000	3000	28712	1.11	234	7.8	1379	4.8
159	Ath_TF_binding_motifs.meme	AT1G59640	MP00207	VWBDHVNCACGTGBNHNWSWC	1.05E-11	3.11E-08	1.92E-05	2964	3000	3000	28712	3.2	310	10.33	1960	6.83
160	Ath_TF_binding_motifs.meme	AT5G28300	MP00011	VRCGGTAAAT	1.06E-11	3.77E-08	2.33E-05	3563	3000	3000	28712	1.02	449	14.97	3085	10.74
161	Ath_TF_binding_motifs.meme	AT3G09230	MP00337	DTWACSGTTAAWDHHSTTD	1.20E-11	4.92E-08	3.05E-05	4100	3000	3000	28712	1.41	429	14.3	2923	10.18
162	Ath_TF_binding_motifs.meme	AT5G46760	MP00085	VCACGTGB	1.12E-11	5.96E-08	3.69E-05	5307	3000	3000	28712	4.96	263	8.77	1595	5.56
163	Ath_TF_binding_motifs.meme	AT4G17880	MP00086	RCACGTGC	2.15E-11	6.69E-08	4.14E-05	3106	3000	3000	28712	2.57	277	9.23	1715	5.97
164	Ath_TF_binding_motifs.meme	AT1G20980	MP00155	TCCGTACAWWW	5.66E-11	9.72E-08	6.01E-05	1718	3000	3000	28712	1.07	241	8.03	1454	5.06
165	Ath_TF_binding_motifs.meme	AT4G16430	MP00099	GCACGTGC	3.85E-11	1.20E-07	7.40E-05	3103	3000	3000	28712	7.76	142	4.73	720	2.51
166	Ath_TF_binding_motifs.meme	AT5G01380	MP00481	RRCACGTGTHWAAWDTD	4.82E-11	1.53E-07	9.45E-05	3168	3000	3000	28712	28.2	100	3.33	440	1.53
167	Ath_TF_binding_motifs.meme	AT5G46830	MP00547	WWYTGTACGGAH	1.28E-10	1.89E-07	1.17E-04	1482	3000	3000	28712	1.04	214	7.13	1262	4.4
168	Ath_TF_binding_motifs.meme	AT4G16150	MP00435	NCGYGTNDDAWVCGYGTD	1.07E-10	2.66E-07	1.65E-04	2487	3000	3000	28712	1.23	295	9.83	1887	6.57
169	Ath_TF_binding_motifs.meme	AT4G30980	MP00462	CGTGNKWBGCACGTG	2.54E-10	3.27E-07	2.02E-04	1288	3000	3000	28712	3.85	128	4.27	645	2.25
170	Ath_TF_binding_motifs.meme	AT1G12610	MP00137	HGATGTCGRCRRNRD	4.72E-10	6.88E-07	4.26E-04	1457	3000	3000	28712	1.09	206	6.87	1223	4.26
171	Ath_TF_binding_motifs.meme	AT3G24120	MP00378	VGAATMTD	6.17E-11	7.81E-07	4.83E-04	12650	3000	3000	28712	2.28	708	23.6	5344	18.61
172	Ath_TF_binding_motifs.meme	AT1G75080	MP00237	SCRCACGTGYRHNYNHNNHB	9.41E-10	9.78E-07	6.05E-04	1039	3000	3000	28712	1.15	155	5.17	854	2.97
173	Ath_TF_binding_motifs.meme	AT2G36010	MP00293	WWWWGGCGCCAAAA	6.87E-10	1.09E-06	6.72E-04	1582	3000	3000	28712	1.08	221	7.37	1344	4.68
174	Ath_TF_binding_motifs.meme	AT4G00050	MP00034	CCACGTGM	4.93E-10	1.30E-06	8.03E-04	2633	3000	3000	28712	4.74	333	11.1	2224	7.75
175	Ath_TF_binding_motifs.meme	AT4G34000	MP00038	ACACGTGT	3.63E-10	1.50E-06	9.31E-04	4139	3000	3000	28712	1.52	255	8.5	1596	5.56
176	Ath_TF_binding_motifs.meme	AT4G15090	MP00434	HNYYCACGCGCYKHH	5.59E-09	5.29E-06	3.27E-03	946	3000	3000	28712	1.51	131	4.37	705	2.46
177	Ath_TF_binding_motifs.meme	AT2G20180	MP00074	DKNRNGWCACGTGG	1.71E-09	5.48E-06	3.39E-03	3206	3000	3000	28712	1.03	400	13.33	2805	9.77
178	Ath_TF_binding_motifs.meme	AT4G36930	MP00035	CCCACGTGN	1.29E-09	6.58E-06	4.07E-03	5105	3000	3000	28712	2.11	351	11.7	2393	8.33
179	Ath_TF_binding_motifs.meme	AT1G71930	MP00017	RKACACGSAACY	5.34E-09	1.69E-05	1.05E-02	3170	3000	3000	28712	1.57	259	8.63	1681	5.85
180	Ath_TF_binding_motifs.meme	AT5G61270	MP00571	SDKRDWGCCACGTGG	7.69E-09	1.70E-05	1.05E-02	2208	3000	3000	28712	2.06	238	7.93	1522	5.3
181	Ath_TF_binding_motifs.meme	AT5G08130	MP00498	CACGTGACHHNYMY	8.99E-09	1.82E-05	1.13E-02	2030	3000	3000	28712	1.06	267	8.9	1756	6.12
182	Ath_TF_binding_motifs.meme	AT5G09410	MP00501	AAARCGCGTGDD	8.21E-09	1.83E-05	1.13E-02	2230	3000	3000	28712	1.05	287	9.57	1915	6.67
183	Ath_TF_binding_motifs.meme	AT5G11260	MP00117	DDTGATGACGTGGCH	1.02E-08	2.13E-05	1.32E-02	2085	3000	3000	28712	1.07	273	9.1	1807	6.29
184	Ath_TF_binding_motifs.meme	AT2G18300	MP00106	NNBGCACGTGCN	1.47E-08	4.08E-05	2.53E-02	2775	3000	3000	28712	5.8	130	4.33	711	2.48
185	Ath_TF_binding_motifs.meme	AT4G14410	MP00102	GGCACGTGCC	6.23E-08	4.66E-05	2.89E-02	749	3000	3000	28712	1.82	101	3.37	523	1.82
186	Ath_TF_binding_motifs.meme	AT1G10120	MP00135	CGTGANDVBCACGTGMBNNCW	2.87E-08	6.28E-05	3.89E-02	2188	3000	3000	28712	1.74	247	8.23	1621	5.65
187	Ath_TF_binding_motifs.meme	AT3G24520	MP00379	CTAGAADCTTC	1.11E-07	2.36E-04	1.46E-01	2134	3000	3000	28712	1.34	247	8.23	1651	5.75
188	Ath_TF_binding_motifs.meme	AT5G67300	MP00596	DWDWCVGTTAWWWCVGTTR	8.69E-08	2.64E-04	1.64E-01	3041	3000	3000	28712	1.54	306	10.2	2127	7.41
189	Ath_TF_binding_motifs.meme	AT1G69010	MP00219	CACGTGMCHHNCACG	1.71E-07	3.53E-04	2.19E-01	2069	3000	3000	28712	50.1	57	1.9	239	0.83
190	Ath_TF_binding_motifs.meme	AT5G50570	MP00555	WTTGTACGGAH	1.37E-07	3.76E-04	2.32E-01	2751	3000	3000	28712	1.83	233	7.77	1543	5.37
191	Ath_TF_binding_motifs.meme	AT1G22070	MP00157	DRTGACGTCAKCAW	5.54E-07	4.69E-04	2.90E-01	847	3000	3000	28712	68.2	41	1.37	151	0.53
192	Ath_TF_binding_motifs.meme	AT5G65210	MP00586	DWTGMTGACGTCAYH	5.54E-07	5.32E-04	3.29E-01	960	3000	3000	28712	69.4	41	1.37	151	0.53
193	Ath_TF_binding_motifs.meme	AT3G15270	MP00359	WAYTGTACGGAH	6.15E-07	5.61E-04	3.47E-01	913	3000	3000	28712	1.04	131	4.37	775	2.7
194	Ath_TF_binding_motifs.meme	AT1G49560	MP00193	ATCHAAGATTC	7.81E-08	5.69E-04	3.52E-01	7283	3000	3000	28712	1.02	806	26.87	6474	22.55
195	Ath_TF_binding_motifs.meme	AT1G32640	MP00084	GCACGTGC	1.47E-07	5.90E-04	3.65E-01	4013	3000	3000	28712	18	58	1.93	244	0.85
196	Ath_TF_binding_motifs.meme	AT1G20640	MP00154	DHWGCAGCAGCDDBV	1.32E-07	6.79E-04	4.20E-01	5153	3000	3000	28712	47.9	51	1.7	200	0.7
197	Ath_TF_binding_motifs.meme	AT3G12250	MP00349	DRTGACGTCAKCAWH	8.63E-07	7.48E-04	4.63E-01	868	3000	3000	28712	53.2	43	1.43	166	0.58
198	Ath_TF_binding_motifs.meme	AT1G17950	MP00145	HDWWACCGTTA	2.07E-07	8.31E-04	5.14E-01	4007	3000	3000	28712	1.03	467	15.57	3515	12.24
199	Ath_TF_binding_motifs.meme	AT5G38860	MP00534	ACGTGMNNSTCACGTGAC	7.31E-07	8.31E-04	5.14E-01	1138	3000	3000	28712	404	25	0.83	66	0.23
200	Ath_TF_binding_motifs.meme	AT3G22830	MP00371	RGAASNTTCTAGAAV	2.70E-07	9.64E-04	5.97E-01	3575	3000	3000	28712	1.12	412	13.73	3051	10.63
201	Ath_TF_binding_motifs.meme	AT1G77920	MP00247	TGMTGACGTCAYHHHHY	2.48E-06	2.04E-03	1.26E+00	825	3000	3000	28712	43.6	47	1.57	199	0.69
202	Ath_TF_binding_motifs.meme	AT5G06950	MP00492	DRTGACGTCAKCWWHNHHNW	3.63E-06	2.71E-03	1.68E+00	748	3000	3000	28712	32.9	46	1.53	196	0.68
203	Ath_TF_binding_motifs.meme	AT3G57920	MP00412	DWAYTGTACGGAHR	2.87E-06	2.96E-03	1.83E+00	1031	3000	3000	28712	4.21	90	3	495	1.72
204	Ath_TF_binding_motifs.meme	AT3G50060	MP00400	HDDWWDWDACVGTTA	6.31E-07	3.29E-03	2.04E+00	5222	3000	3000	28712	1.08	566	18.87	4419	15.39
205	Ath_TF_binding_motifs.meme	AT5G06960	MP00493	DRTGACGTCAKCAW	5.66E-06	3.77E-03	2.34E+00	668	3000	3000	28712	68.5	37	1.23	144	0.5
206	Ath_TF_binding_motifs.meme	AT2G18160	MP00267	DWTGCTGACGTGGCA	2.25E-06	3.78E-03	2.34E+00	1681	3000	3000	28712	2.36	173	5.77	1125	3.92
207	Ath_TF_binding_motifs.meme	AT5G22570	MP00619	NCGTTGACCR	9.21E-07	4.14E-03	2.56E+00	4504	3000	3000	28712	1.22	447	14.9	3393	11.82
208	Ath_TF_binding_motifs.meme	AT1G08320	MP00131	GMTGACGTCAY	3.98E-06	4.66E-03	2.89E+00	1174	3000	3000	28712	130	30	1	101	0.35
209	Ath_TF_binding_motifs.meme	AT4G37260	MP00476	TAACBGWAWHW	1.05E-06	5.46E-03	3.38E+00	5217	3000	3000	28712	1.82	398	13.27	2975	10.36
210	Ath_TF_binding_motifs.meme	AT5G51910	MP00064	TGGGSCCCAC	2.69E-06	9.18E-03	5.68E+00	3432	3000	3000	28712	1.02	400	13.33	3024	10.53
211	Ath_TF_binding_motifs.meme	AT2G46510	MP00101	GCACGTGC	1.14E-05	1.27E-02	7.84E+00	1117	3000	3000	28712	1.25	121	4.03	750	2.61
212	Ath_TF_binding_motifs.meme	AT3G45170	MP00391	TNTAGATCTRDTTYB	2.44E-06	1.38E-02	8.57E+00	5709	3000	3000	28712	1.11	606	20.2	4828	16.82
213	Ath_TF_binding_motifs.meme	AT5G62020	MP00575	GAAGCTTCTAGA	3.60E-06	1.49E-02	9.21E+00	4159	3000	3000	28712	1.22	437	14.57	3355	11.69
214	Ath_TF_binding_motifs.meme	AT5G06839	MP00491	DWTGMTGACGTCAYH	1.09E-05	1.91E-02	1.18E+01	1774	3000	3000	28712	77.7	37	1.23	149	0.52
215	Ath_TF_binding_motifs.meme	AT2G44745	MP00618	NCGTTGACCN	8.15E-06	3.39E-02	2.10E+01	4232	3000	3000	28712	1.43	378	12.6	2873	10.01
216	Ath_TF_binding_motifs.meme	AT2G23290	MP00274	TAACBGWAWWAACH	5.58E-06	3.49E-02	2.16E+01	6376	3000	3000	28712	2.84	278	9.27	2008	6.99
217	Ath_TF_binding_motifs.meme	AT3G15030	MP00062	GGGACCAC	4.31E-05	3.95E-02	2.45E+01	936	3000	3000	28712	3.21	120	4	768	2.67
218	Ath_TF_binding_motifs.meme	AT5G15830	MP00512	DDTGMTGACGTGGCA	2.18E-05	4.37E-02	2.71E+01	2048	3000	3000	28712	1.97	211	7.03	1488	5.18
219	Ath_TF_binding_motifs.meme	AT2G28550	MP00615	ACCTCGTACN	2.33E-05	4.66E-02	2.88E+01	2044	3000	3000	28712	1.31	208	6.93	1465	5.1
220	Ath_TF_binding_motifs.meme	AT3G62420	MP00419	DWTGCTGACGTGGCA	4.68E-05	6.20E-02	3.84E+01	1369	3000	3000	28712	1.25	164	5.47	1122	3.91
221	Ath_TF_binding_motifs.meme	AT1G49720	MP00087	GGMCACGTGGCVCRVVVGR	8.67E-05	6.44E-02	3.99E+01	768	3000	3000	28712	2.04	92	3.07	564	1.96
222	Ath_TF_binding_motifs.meme	AT1G68670	MP00218	GAATCNAAGATTC	1.17E-05	7.00E-02	4.34E+01	6198	3000	3000	28712	3.74	263	8.77	1904	6.63
223	Ath_TF_binding_motifs.meme	AT5G43840	MP00541	GAAGNTTCTAGAAVHW	5.59E-05	7.03E-02	4.35E+01	1303	3000	3000	28712	1.43	152	5.07	1029	3.58
224	Ath_TF_binding_motifs.meme	AT2G47260	MP00069	AGTCAACG	2.52E-05	9.20E-02	5.70E+01	3829	3000	3000	28712	9.47	113	3.77	703	2.45
225	Ath_TF_binding_motifs.meme	AT5G06100	MP00490	VTAACYGAMWH	1.49E-05	9.22E-02	5.71E+01	6497	3000	3000	28712	5.72	108	3.6	655	2.28
226	Ath_TF_binding_motifs.meme	AT5G10030	MP00502	TGACGTCAKCA	3.27E-05	9.71E-02	6.01E+01	3124	3000	3000	28712	1.27	323	10.77	2448	8.53
227	Ath_TF_binding_motifs.meme	AT1G09530	MP00081	DBCCACGTGR	3.68E-05	1.20E-01	7.44E+01	3479	3000	3000	28712	25.1	97	3.23	587	2.04
228	Ath_TF_binding_motifs.meme	AT2G22540	MP00272	WYTTTCCHTTTTKGG	3.76E-05	1.27E-01	7.85E+01	3611	3000	3000	28712	5.18	189	6.3	1321	4.6
229	Ath_TF_binding_motifs.meme	AT1G32770	MP00016	GRTTGCGTAATH	1.10E-04	1.42E-01	8.82E+01	1391	3000	3000	28712	1.03	173	5.77	1218	4.24
230	Ath_TF_binding_motifs.meme	AT2G43010	MP00606	TCACGTGGB	4.11E-05	1.70E-01	1.05E+02	4532	3000	3000	28712	6.68	229	7.63	1656	5.77
231	Ath_TF_binding_motifs.meme	AT2G42400	MP00018	NVGGTWGCGTAW	1.59E-04	1.83E-01	1.13E+02	1273	3000	3000	28712	1.4	129	4.3	868	3.02
232	Ath_TF_binding_motifs.meme	AT4G34590	MP00470	TGCCACGTCAGCAWH	1.52E-04	1.90E-01	1.18E+02	1387	3000	3000	28712	126	54	1.8	290	1.01
233	Ath_TF_binding_motifs.meme	AT3G23690	MP00376	RWDWNGBCACGTGMK	1.09E-04	2.00E-01	1.24E+02	2034	3000	3000	28712	4.79	140	4.67	948	3.3
234	Ath_TF_binding_motifs.meme	AT1G15720	MP00052	YTAGGGCA	1.48E-04	2.01E-01	1.24E+02	1514	3000	3000	28712	2.59	173	5.77	1226	4.27
235	Ath_TF_binding_motifs.meme	AT3G48160	MP00397	HMHAWAATTTTCCCGCCAAAA	6.15E-04	2.05E-01	1.27E+02	373	3000	3000	28712	2.18	49	1.63	273	0.95
236	Ath_TF_binding_motifs.meme	AT4G04450	MP00428	BWTDMHHHNNCGTTGACTWWD	7.99E-05	2.15E-01	1.33E+02	3031	3000	3000	28712	667	4	0.13	0	0
237	Ath_TF_binding_motifs.meme	AT5G48560	MP00036	GCACGTGC	1.94E-04	2.26E-01	1.40E+02	1319	3000	3000	28712	4.31	32	1.07	142	0.49
238	Ath_TF_binding_motifs.meme	AT5G16820	MP00514	GAAGVTTCTAGA	7.53E-05	2.44E-01	1.51E+02	3715	3000	3000	28712	1.86	310	10.33	2366	8.24
239	Ath_TF_binding_motifs.meme	AT1G42990	MP00019	RTGACGTCAY	8.36E-05	2.63E-01	1.63E+02	3653	3000	3000	28712	37.8	29	0.97	116	0.4
240	Ath_TF_binding_motifs.meme	AT2G26960	MP00279	VTAACHGWWTY	5.06E-05	2.77E-01	1.72E+02	6420	3000	3000	28712	3.49	176	5.87	1222	4.26
241	Ath_TF_binding_motifs.meme	AT1G63030	MP00104	ATGTCGGC	2.79E-04	3.12E-01	1.93E+02	1343	3000	3000	28712	13.4	47	1.57	248	0.86
242	Ath_TF_binding_motifs.meme	AT4G11660	MP00432	TTCTAGAANCTTCT	1.86E-04	3.14E-01	1.94E+02	2024	3000	3000	28712	1.29	218	7.27	1610	5.61
243	Ath_TF_binding_motifs.meme	AT2G22750	MP00273	CRCGTKWWHCACGTGKN	2.23E-04	3.35E-01	2.07E+02	1831	3000	3000	28712	2.05	168	5.6	1196	4.17
244	Ath_TF_binding_motifs.meme	AT5G58080	MP00057	NNMNAGATACGVN	5.91E-05	3.36E-01	2.08E+02	6920	3000	3000	28712	1.69	369	12.3	2869	9.99
245	Ath_TF_binding_motifs.meme	AT3G09735	MP00339	RGAAGVTTCTAGAAV	3.21E-04	3.87E-01	2.39E+02	1522	3000	3000	28712	1.15	178	5.93	1290	4.49
246	Ath_TF_binding_motifs.meme	AT3G30530	MP00389	TGCTGACGTGGC	8.30E-04	4.45E-01	2.76E+02	710	3000	3000	28712	48.6	48	1.6	270	0.94
247	Ath_TF_binding_motifs.meme	AT1G75390	MP00239	DWWGCTGACGTGGCA	5.05E-04	4.51E-01	2.79E+02	1187	3000	3000	28712	180	48	1.6	263	0.92
248	Ath_TF_binding_motifs.meme	AT3G02990	MP00328	AGAAGSTTCTAGA	3.47E-04	5.03E-01	3.12E+02	2020	3000	3000	28712	2.9	153	5.1	1084	3.78
249	Ath_TF_binding_motifs.meme	AT3G45150	MP00390	GTKGGGYCCAC	1.15E-03	5.17E-01	3.20E+02	630	3000	3000	28712	11.9	34	1.13	174	0.61
250	Ath_TF_binding_motifs.meme	AT4G32890	MP00048	NCYAGATCTRN	1.54E-04	6.16E-01	3.82E+02	6210	3000	3000	28712	1.03	658	21.93	5496	19.14
251	Ath_TF_binding_motifs.meme	AT1G52890	MP00012	TAYACGBAACYN	3.69E-04	6.21E-01	3.85E+02	2633	3000	3000	28712	1.05	294	9.8	2288	7.97
252	Ath_TF_binding_motifs.meme	AT1G46264	MP00187	AGAAGCTTCTAGAAG	7.01E-04	6.51E-01	4.03E+02	1502	3000	3000	28712	1.19	173	5.77	1272	4.43
253	Ath_TF_binding_motifs.meme	AT2G04038	MP00262	GCCACGTCAGCAWH	1.00E-03	6.92E-01	4.29E+02	1177	3000	3000	28712	201	42	1.4	229	0.8
254	Ath_TF_binding_motifs.meme	AT4G14770	MP00433	WTTYAAAATTYAAAW	2.17E-04	6.97E-01	4.32E+02	5498	3000	3000	28712	22.2	134	4.47	916	3.19
255	Ath_TF_binding_motifs.meme	AT4G18880	MP00443	WNNAGAAGCTTCTAGAAGM	6.60E-04	7.75E-01	4.80E+02	2261	3000	3000	28712	7.48	92	3.07	604	2.1
256	Ath_TF_binding_motifs.meme	AT1G51600	MP00198	CATCATCATCATCATCATC	6.74E-04	8.28E-01	5.12E+02	2610	3000	3000	28712	1.43	293	9.77	2304	8.02
257	Ath_TF_binding_motifs.meme	AT1G35560	MP00614	GGGGCCCACA	1.85E-03	8.40E-01	5.20E+02	992	3000	3000	28712	2.09	86	2.87	579	2.02
258	Ath_TF_binding_motifs.meme	AT1G69490	MP00221	ACACGYAAYYT	6.10E-04	9.38E-01	5.81E+02	4564	3000	3000	28712	1.07	469	15.63	3862	13.45
259	Ath_TF_binding_motifs.meme	AT1G13300	MP00140	DGWATCRAAGATTCY	4.76E-04	9.42E-01	5.83E+02	5989	3000	3000	28712	13	85	2.83	542	1.89
260	Ath_TF_binding_motifs.meme	AT1G34370	MP00196	ACCTBCMCCAGWTRH	6.45E-04	9.49E-01	5.88E+02	4624	3000	3000	28712	1.04	498	16.6	4126	14.37
261	Ath_TF_binding_motifs.meme	AT2G03500	MP00261	RGAATATTCND	1.30E-03	9.95E-01	6.16E+02	4074	3000	3000	28712	10.9	89	2.97	595	2.07
262	Ath_TF_binding_motifs.meme	AT3G06490	MP00334	TDRDDWAAGTTAGGY	8.02E-04	9.97E-01	6.17E+02	7463	3000	3000	28712	1.03	772	25.73	6641	23.13
263	Ath_TF_binding_motifs.meme	AT4G21330	MP00091	MGTGAGWCACGTGA	8.95E-03	9.98E-01	6.18E+02	698	3000	3000	28712	2.09E+04	2	0.07	0	0
264	Ath_TF_binding_motifs.meme	AT5G60120	MP00616	WAACCTACGA	2.21E-03	9.98E-01	6.18E+02	2937	3000	3000	28712	67.3	4	0.13	3	0.01
265	Ath_TF_binding_motifs.meme	AT5G38800	MP00533	GCCACGTCAGCA	8.05E-03	9.99E-01	6.18E+02	833	3000	3000	28712	2.62	81	2.7	575	2
266	Ath_TF_binding_motifs.meme	AT1G69560	MP00222	WTHDWWACCGTTA	2.43E-03	9.99E-01	6.18E+02	2845	3000	3000	28712	1.14	295	9.83	2379	8.29
267	Ath_TF_binding_motifs.meme	AT5G56270	MP00071	BGGTCAAM	1.22E-03	1.00E+00	6.19E+02	7233	3000	3000	28712	6.96	79	2.63	514	1.79
268	Ath_TF_binding_motifs.meme	AT1G47870	MP00190	AWDDWGGCGCCAAAA	1.05E-02	1.00E+00	6.19E+02	859	3000	3000	28712	1.06E+03	4	0.13	6	0.02
269	Ath_TF_binding_motifs.meme	AT3G59060	MP00082	TCACGTGS	2.67E-03	1.00E+00	6.19E+02	3387	3000	3000	28712	20.1	88	2.93	604	2.1
270	Ath_TF_binding_motifs.meme	AT2G04880	MP00094	TTGACCGAGYY	5.62E-03	1.00E+00	6.19E+02	1646	3000	3000	28712	1.64	138	4.6	1044	3.64
271	Ath_TF_binding_motifs.meme	AT1G25550	MP00160	RGAATMTTCND	1.54E-03	1.00E+00	6.19E+02	7188	3000	3000	28712	12.1	106	3.53	737	2.57
272	Ath_TF_binding_motifs.meme	AT5G41570	MP00539	NCGTTGACTTTTTW	3.14E-03	1.00E+00	6.19E+02	3609	3000	3000	28712	831	3	0.1	1	0
273	Ath_TF_binding_motifs.meme	AT1G53230	MP00203	DTKGGGACCACHD	1.73E-02	1.00E+00	6.19E+02	744	3000	3000	28712	8.57	35	1.17	221	0.77
274	Ath_TF_binding_motifs.meme	AT2G41690	MP00305	BTTCTAGAAKCTTCY	3.51E-03	1.00E+00	6.19E+02	3733	3000	3000	28712	11	83	2.77	570	1.99
275	Ath_TF_binding_motifs.meme	AT3G58780	MP00093	NTTDCCWWWWHDGGWAAN	3.38E-03	1.00E+00	6.19E+02	4189	3000	3000	28712	1.04	445	14.83	3742	13.03
276	Ath_TF_binding_motifs.meme	AT1G67710	MP00010	AAAGATACGG	3.29E-03	1.00E+00	6.19E+02	4510	3000	3000	28712	10.7	58	1.93	369	1.29
277	Ath_TF_binding_motifs.meme	AT3G51080	MP00404	YAGATCTAGATHH	4.39E-03	1.00E+00	6.19E+02	3566	3000	3000	28712	1.21	359	11.97	2981	10.38
278	Ath_TF_binding_motifs.meme	AT5G24110	MP00525	AAAGTCAACGN	7.93E-03	1.00E+00	6.19E+02	2082	3000	3000	28712	143	19	0.63	92	0.32
279	Ath_TF_binding_motifs.meme	AT4G22070	MP00447	DDNNHWRHHAAAGTCAACG	6.06E-03	1.00E+00	6.19E+02	2905	3000	3000	28712	90.9	20	0.67	96	0.33
280	Ath_TF_binding_motifs.meme	AT5G60970	MP00065	GGGACCAC	5.78E-02	1.00E+00	6.19E+02	323	3000	3000	28712	124	4	0.13	12	0.04
281	Ath_TF_binding_motifs.meme	AT2G30250	MP00282	AAWAGTCAACG	3.75E-03	1.00E+00	6.19E+02	5122	3000	3000	28712	51.9	26	0.87	132	0.46
282	Ath_TF_binding_motifs.meme	AT4G16110	MP00054	SMGWATCTTN	2.04E-03	1.00E+00	6.19E+02	10223	3000	3000	28712	11.3	39	1.3	217	0.76
283	Ath_TF_binding_motifs.meme	AT4G29000	MP00045	NATTTGAATN	1.92E-03	1.00E+00	6.19E+02	11121	3000	3000	28712	7.43	172	5.73	1297	4.52
284	Ath_TF_binding_motifs.meme	AT3G27010	MP00384	DANANRDNWNGTGGGRCCCAC	2.14E-02	1.00E+00	6.19E+02	1003	3000	3000	28712	1.13	113	3.77	878	3.06
285	Ath_TF_binding_motifs.meme	AT1G01720	MP00121	KACGTRWNNNAHWYGNHWWCYD	5.81E-03	1.00E+00	6.19E+02	3751	3000	3000	28712	1.07	390	13	3277	11.41
286	Ath_TF_binding_motifs.meme	AT1G69690	MP00224	WDGTGGGMCCCAC	1.75E-02	1.00E+00	6.19E+02	1259	3000	3000	28712	1.24	132	4.4	1035	3.6
287	Ath_TF_binding_motifs.meme	AT4G33280	MP00468	TTTAYKKTTTTGGCGGGAAAA	1.14E-01	1.00E+00	6.19E+02	199	3000	3000	28712	164	8	0.27	44	0.15
288	Ath_TF_binding_motifs.meme	AT4G37750	MP00088	DBGCACRRWTCCCVAKGYRHA	6.66E-02	1.00E+00	6.19E+02	343	3000	3000	28712	3.48	24	0.8	160	0.56
289	Ath_TF_binding_motifs.meme	AT3G49530	MP00398	CTTAVHKRTKAAGKA	8.41E-03	1.00E+00	6.19E+02	2777	3000	3000	28712	122	11	0.37	41	0.14
290	Ath_TF_binding_motifs.meme	AT2G25000	MP00068	NYGGTCAACSN	4.81E-03	1.00E+00	6.19E+02	4936	3000	3000	28712	4.52	183	6.1	1426	4.97
291	Ath_TF_binding_motifs.meme	AT4G31800	MP00465	VAARGTCAASR	3.48E-03	1.00E+00	6.19E+02	6823	3000	3000	28712	24.2	37	1.23	210	0.73
292	Ath_TF_binding_motifs.meme	AT3G02150	MP00326	GTGGGGACCACWD	4.91E-02	1.00E+00	6.19E+02	523	3000	3000	28712	2.74	41	1.37	292	1.02
293	Ath_TF_binding_motifs.meme	AT4G01720	MP00115	AHNHDNCGTTGACTWWDDY	5.84E-03	1.00E+00	6.19E+02	4726	3000	3000	28712	26.5	48	1.6	302	1.05
294	Ath_TF_binding_motifs.meme	AT3G01970	MP00325	CGTTGACTTTTT	8.95E-03	1.00E+00	6.19E+02	3187	3000	3000	28712	859	2	0.07	0	0
295	Ath_TF_binding_motifs.meme	AT1G14687	MP00143	AWWCGHATWAT	5.28E-03	1.00E+00	6.19E+02	5425	3000	3000	28712	3.76	149	4.97	1136	3.96
296	Ath_TF_binding_motifs.meme	AT2G40740	MP00304	DNCGTTGACTTT	8.56E-03	1.00E+00	6.19E+02	3369	3000	3000	28712	109	18	0.6	86	0.3
297	Ath_TF_binding_motifs.meme	AT2G18350	MP00268	AAWHRTAATTAAKDW	4.09E-03	1.00E+00	6.19E+02	7491	3000	3000	28712	86	4	0.13	4	0.01
298	Ath_TF_binding_motifs.meme	AT4G28110	MP00457	DTDGTTYACCTAMYT	8.95E-03	1.00E+00	6.19E+02	3677	3000	3000	28712	307	2	0.07	0	0
299	Ath_TF_binding_motifs.meme	AT4G26640	MP00455	DNCGTTGACYWDD	6.50E-03	1.00E+00	6.19E+02	5092	3000	3000	28712	25.9	48	1.6	304	1.06
300	Ath_TF_binding_motifs.meme	AT5G67450	MP00118	DKWGWBAGTGW	9.08E-02	1.00E+00	6.19E+02	9742	3000	3000	28712	9.19	128	4.27	1078	3.75
301	Ath_TF_binding_motifs.meme	AT5G66940	MP00593	WHTTTTTTHYTTTTTACTTTTTNHTTTWW	7.51E-01	1.00E+00	6.19E+02	19470	3000	3000	28712	4.10E+04	1	0.03	13	0.05
302	Ath_TF_binding_motifs.meme	AT5G66730	MP00592	HAVAAAACGACAAAAAW	3.28E-01	1.00E+00	6.19E+02	4678	3000	3000	28712	6.79E+03	1	0.03	3	0.01
303	Ath_TF_binding_motifs.meme	AT5G66700	MP00591	HCAATAATTGD	4.35E-01	1.00E+00	6.19E+02	5175	3000	3000	28712	62.8	7	0.23	59	0.21
304	Ath_TF_binding_motifs.meme	AT5G66300	MP00590	CKTRHANHWSAAGCAA	6.99E-01	1.00E+00	6.19E+02	3286	3000	3000	28712	419	2	0.07	23	0.08
305	Ath_TF_binding_motifs.meme	AT5G65410	MP00588	THAYTAATTAHNHWW	7.30E-03	1.00E+00	6.19E+02	7036	3000	3000	28712	80.6	3	0.1	2	0.01
306	Ath_TF_binding_motifs.meme	AT5G65310	MP00587	HYAATMATTRW	6.97E-01	1.00E+00	6.19E+02	7069	3000	3000	28712	17.1	26	0.87	272	0.95
307	Ath_TF_binding_motifs.meme	AT5G64060	MP00583	GRWAACTTGNDDWVCAAGTHA	9.96E-01	1.00E+00	6.19E+02	1432	3000	3000	28712	796	1	0.03	55	0.19
308	Ath_TF_binding_motifs.meme	AT5G63260	MP00582	NAAAAAGTDAA	8.97E-01	1.00E+00	6.19E+02	12099	3000	3000	28712	20.8	20	0.67	249	0.87
309	Ath_TF_binding_motifs.meme	AT5G62940	MP00580	RAAAAAADVAAAAAGKWAAWA	9.46E-02	1.00E+00	6.19E+02	18046	3000	3000	28712	5.20E+03	1	0.03	0	0
310	Ath_TF_binding_motifs.meme	AT5G62470	MP00579	DDDDKTDGKTGGTRGTTR	1.80E-01	1.00E+00	6.19E+02	5766	3000	3000	28712	2.39E+03	1	0.03	1	0
311	Ath_TF_binding_motifs.meme	AT5G62380	MP00578	TTGCTTGWDNTTYAMGYWAYC	9.78E-01	1.00E+00	6.19E+02	2363	3000	3000	28712	336	2	0.07	56	0.2
312	Ath_TF_binding_motifs.meme	AT5G62320	MP00577	NYYCACCTAMYHH	1.80E-01	1.00E+00	6.19E+02	6244	3000	3000	28712	148	1	0.03	1	0
313	Ath_TF_binding_motifs.meme	AT5G62165	MP00576	CATCATY	1.50E-01	1.00E+00	6.19E+02	11232	3000	3000	28712	39.5	11	0.37	71	0.25
314	Ath_TF_binding_motifs.meme	AT5G62000	MP00574	WDSMGACAWR	3.67E-02	1.00E+00	6.19E+02	10499	3000	3000	28712	3	261	8.7	2225	7.75
315	Ath_TF_binding_motifs.meme	AT5G61850	MP00095	YATTRACCGSCGGTYAATR	7.30E-02	1.00E+00	6.19E+02	506	3000	3000	28712	1.16	58	1.93	448	1.56
316	Ath_TF_binding_motifs.meme	AT5G61620	MP00573	DWWWTGGATAAGRWW	2.58E-01	1.00E+00	6.19E+02	5589	3000	3000	28712	340	1	0.03	2	0.01
317	Ath_TF_binding_motifs.meme	AT5G60850	MP00570	VAAAAAGKWAAWWW	1.57E-01	1.00E+00	6.19E+02	13978	3000	3000	28712	47.5	22	0.73	163	0.57
318	Ath_TF_binding_motifs.meme	AT5G60130	MP00569	AAGCAAAAHHWAAGSAAAA	5.91E-01	1.00E+00	6.19E+02	13830	3000	3000	28712	3.07E+03	1	0.03	8	0.03
319	Ath_TF_binding_motifs.meme	AT5G59780	MP00600	ARTTAGGTAH	7.13E-01	1.00E+00	6.19E+02	4530	3000	3000	28712	9.43	22	0.73	234	0.81
320	Ath_TF_binding_motifs.meme	AT5G58900	MP00568	WDWRGATAAGRTTWD	4.72E-02	1.00E+00	6.19E+02	5454	3000	3000	28712	182	2	0.07	2	0.01
321	Ath_TF_binding_motifs.meme	AT5G58850	MP00567	YRWCCGTTACA	2.89E-02	1.00E+00	6.19E+02	2569	3000	3000	28712	1.18	248	8.27	2092	7.29
322	Ath_TF_binding_motifs.meme	AT5G58620	MP00566	TCAACA	5.72E-01	1.00E+00	6.19E+02	10521	3000	3000	28712	14	3	0.1	28	0.1
323	Ath_TF_binding_motifs.meme	AT5G56840	MP00565	AAYCTTATCCAWWWH	6.48E-02	1.00E+00	6.19E+02	4579	3000	3000	28712	122	10	0.33	52	0.18
324	Ath_TF_binding_motifs.meme	AT5G56110	MP00564	WWWARKTAGGTRRAM	6.60E-01	1.00E+00	6.19E+02	5848	3000	3000	28712	46.9	6	0.2	64	0.22
325	Ath_TF_binding_motifs.meme	AT5G54230	MP00563	TWKYTYACCTAMYTW	9.46E-02	1.00E+00	6.19E+02	5327	3000	3000	28712	287	1	0.03	0	0
326	Ath_TF_binding_motifs.meme	AT5G53950	MP00562	CGTGTDDNACAMGNAAHYD	9.99E-01	1.00E+00	6.19E+02	2421	3000	3000	28712	344	1	0.03	69	0.24
327	Ath_TF_binding_motifs.meme	AT5G52830	MP00561	ANCGTTGACTTTT	2.21E-01	1.00E+00	6.19E+02	2192	3000	3000	28712	146	18	0.6	138	0.48
328	Ath_TF_binding_motifs.meme	AT5G52660	MP00560	AGATATTTTTD	5.07E-01	1.00E+00	6.19E+02	4320	3000	3000	28712	121	6	0.2	54	0.19
329	Ath_TF_binding_motifs.meme	AT5G52170	MP00559	RYAWTTAATGH	9.18E-01	1.00E+00	6.19E+02	3867	3000	3000	28712	29	8	0.27	118	0.41
330	Ath_TF_binding_motifs.meme	AT5G49330	MP00598	DGKTAGGTRS	9.62E-01	1.00E+00	6.19E+02	3703	3000	3000	28712	44.4	1	0.03	32	0.11
331	Ath_TF_binding_motifs.meme	AT5G49300	MP00554	CATCATCATCATCATCATCATCATCAT	1.31E-01	1.00E+00	6.19E+02	386	3000	3000	28712	1.83E+09	4	0.13	17	0.06
332	Ath_TF_binding_motifs.meme	AT5G48670	MP00553	TGGTGA	9.68E-01	1.00E+00	6.19E+02	8379	3000	3000	28712	15.2	12	0.4	186	0.65
333	Ath_TF_binding_motifs.meme	AT5G47660	MP00552	WWHHWTTTTTACYGY	2.80E-01	1.00E+00	6.19E+02	6099	3000	3000	28712	177	2	0.07	9	0.03
334	Ath_TF_binding_motifs.meme	AT5G47390	MP00551	HHWWYCTTATCCAHW	4.72E-02	1.00E+00	6.19E+02	4839	3000	3000	28712	258	2	0.07	2	0.01
335	Ath_TF_binding_motifs.meme	AT5G47370	MP00550	WNYAATCATTD	6.99E-01	1.00E+00	6.19E+02	7956	3000	3000	28712	28.1	2	0.07	23	0.08
336	Ath_TF_binding_motifs.meme	AT5G46590	MP00546	CTTGHRVNWSAAGHAA	7.25E-01	1.00E+00	6.19E+02	3542	3000	3000	28712	615	1	0.03	12	0.04
337	Ath_TF_binding_motifs.meme	AT5G46350	MP00545	NAAAAAGTCAACGNH	3.29E-02	1.00E+00	6.19E+02	2360	3000	3000	28712	1.18E+03	3	0.1	5	0.02
338	Ath_TF_binding_motifs.meme	AT5G45580	MP00544	AAWRGAATATTCYN	3.34E-02	1.00E+00	6.19E+02	5237	3000	3000	28712	32.9	33	1.1	218	0.76
339	Ath_TF_binding_motifs.meme	AT5G42630	MP00107	GAATATTC	2.09E-01	1.00E+00	6.19E+02	2317	3000	3000	28712	1.22	200	6.67	1801	6.27
340	Ath_TF_binding_motifs.meme	AT5G42520	MP00540	CTCTCTCTCTCTCTCTCTCTC	1.97E-01	1.00E+00	6.19E+02	4369	3000	3000	28712	1.54E+09	14	0.47	101	0.35
341	Ath_TF_binding_motifs.meme	AT5G40330	MP00538	DWKKTWGTTGD	1.71E-01	1.00E+00	6.19E+02	12514	3000	3000	28712	34.7	2	0.07	6	0.02
342	Ath_TF_binding_motifs.meme	AT5G39760	MP00536	AWWNWTAATTAATDAWWWAWTW	1.49E-01	1.00E+00	6.19E+02	7436	3000	3000	28712	578	4	0.13	18	0.06
343	Ath_TF_binding_motifs.meme	AT5G39660	MP00046	VAAAAAGYDN	8.04E-01	1.00E+00	6.19E+02	17990	3000	3000	28712	6.9	8	0.27	99	0.34
344	Ath_TF_binding_motifs.meme	AT5G39610	MP00535	CKTGTNNMACAMGYA	9.93E-01	1.00E+00	6.19E+02	2859	3000	3000	28712	53.8	8	0.27	163	0.57
345	Ath_TF_binding_motifs.meme	AT5G29000	MP00532	AARGAATATTCBNWW	1.71E-01	1.00E+00	6.19E+02	2596	3000	3000	28712	1.8	188	6.27	1671	5.82
346	Ath_TF_binding_motifs.meme	AT5G26170	MP00531	YKTTGACTTTTTH	8.95E-03	1.00E+00	6.19E+02	4024	3000	3000	28712	561	2	0.07	0	0
347	Ath_TF_binding_motifs.meme	AT5G25475	MP00528	CAAGCA	6.30E-01	1.00E+00	6.19E+02	6471	3000	3000	28712	18.3	1	0.03	9	0.03
348	Ath_TF_binding_motifs.meme	AT5G23280	MP00524	GTGGGRCCCAC	2.58E-01	1.00E+00	6.19E+02	738	3000	3000	28712	2.41E+03	1	0.03	2	0.01
349	Ath_TF_binding_motifs.meme	AT5G22890	MP00522	CAGATAAMACCTVMMHHW	3.28E-01	1.00E+00	6.19E+02	1946	3000	3000	28712	358	1	0.03	3	0.01
350	Ath_TF_binding_motifs.meme	AT5G20240	MP00080	CCAAAARWRGAAAR	2.53E-01	1.00E+00	6.19E+02	17946	3000	3000	28712	297	14	0.47	107	0.37
351	Ath_TF_binding_motifs.meme	AT5G18270	MP00518	TWRCGTGTNNNACAAGHAA	1.00E+00	1.00E+00	6.19E+02	1640	3000	3000	28712	201	2	0.07	135	0.47
352	Ath_TF_binding_motifs.meme	AT5G18090	MP00517	RRWGATGAADMNDAD	1.97E-02	1.00E+00	6.19E+02	11006	3000	3000	28712	8.93	436	14.53	3779	13.16
353	Ath_TF_binding_motifs.meme	AT5G17800	MP00516	WWWWATAACGGWHWT	1.06E-01	1.00E+00	6.19E+02	4119	3000	3000	28712	4.43	101	3.37	844	2.94
354	Ath_TF_binding_motifs.meme	AT5G17430	MP00610	AADAAARARAAAAARAGARA	6.82E-01	1.00E+00	6.19E+02	21553	3000	3000	28712	2.50E+04	5	0.17	55	0.19
355	Ath_TF_binding_motifs.meme	AT5G17300	MP00515	HHVWAAATATCTWH	9.74E-01	1.00E+00	6.19E+02	4861	3000	3000	28712	77.9	4	0.13	85	0.3
356	Ath_TF_binding_motifs.meme	AT5G16600	MP00513	AWGKTWGGTRARV	3.92E-01	1.00E+00	6.19E+02	3705	3000	3000	28712	343	1	0.03	4	0.01
357	Ath_TF_binding_motifs.meme	AT5G15800	MP00092	HWTWCCAWAWWTRGWAAK	5.82E-01	1.00E+00	6.19E+02	4161	3000	3000	28712	1.05	387	12.9	3738	13.02
358	Ath_TF_binding_motifs.meme	AT5G14960	MP00511	WWWHDTTTTTGGCGGGAAAA	9.11E-02	1.00E+00	6.19E+02	639	3000	3000	28712	2.39	58	1.93	456	1.59
359	Ath_TF_binding_motifs.meme	AT5G14340	MP00510	YTYACCWAMYWWH	9.46E-02	1.00E+00	6.19E+02	4276	3000	3000	28712	208	1	0.03	0	0
360	Ath_TF_binding_motifs.meme	AT5G13790	MP00508	NTTTCCWTTTTDGGWAANT	5.72E-01	1.00E+00	6.19E+02	3048	3000	3000	28712	1.09E+03	3	0.1	28	0.1
361	Ath_TF_binding_motifs.meme	AT5G13180	MP00507	TTRCKTGTDNHWYACGYWA	9.97E-01	1.00E+00	6.19E+02	2084	3000	3000	28712	223	1	0.03	56	0.2
362	Ath_TF_binding_motifs.meme	AT5G13080	MP00506	AAAAGTCAACGNH	1.06E-02	1.00E+00	6.19E+02	4192	3000	3000	28712	64.6	26	0.87	145	0.51
363	Ath_TF_binding_motifs.meme	AT5G12870	MP00599	RGKTAGGTRV	7.51E-01	1.00E+00	6.19E+02	4329	3000	3000	28712	27.9	4	0.13	49	0.17
364	Ath_TF_binding_motifs.meme	AT5G11510	MP00505	WWWWWTRACCGTTRN	1.07E-01	1.00E+00	6.19E+02	2884	3000	3000	28712	1.08	287	9.57	2546	8.87
365	Ath_TF_binding_motifs.meme	AT5G10280	MP00503	GTTAGGTRDD	2.54E-02	1.00E+00	6.19E+02	5954	3000	3000	28712	20.3	16	0.53	84	0.29
366	Ath_TF_binding_motifs.meme	AT5G10140	MP00079	WNWWDCCMAAAATRGAAAGWW	4.49E-01	1.00E+00	6.19E+02	9206	3000	3000	28712	124	27	0.9	248	0.86
367	Ath_TF_binding_motifs.meme	AT5G08520	MP00500	DWWDWRGATAAGR	1.80E-01	1.00E+00	6.19E+02	4530	3000	3000	28712	87	9	0.3	58	0.2
368	Ath_TF_binding_motifs.meme	AT5G08330	MP00499	WGTGGGMCCCACNW	7.37E-02	1.00E+00	6.19E+02	1249	3000	3000	28712	1.76E+03	2	0.07	3	0.01
369	Ath_TF_binding_motifs.meme	AT5G08070	MP00497	GTGGTCCCCAC	5.09E-02	1.00E+00	6.19E+02	820	3000	3000	28712	240	5	0.17	17	0.06
370	Ath_TF_binding_motifs.meme	AT5G07680	MP00496	RTWRCGTGTDDNACAMGHAAH	1.00E+00	1.00E+00	6.19E+02	1808	3000	3000	28712	327	1	0.03	96	0.33
371	Ath_TF_binding_motifs.meme	AT5G07100	MP00494	AAAAGTCAACGNY	4.85E-02	1.00E+00	6.19E+02	3627	3000	3000	28712	158	12	0.4	63	0.22
372	Ath_TF_binding_motifs.meme	AT5G05790	MP00489	AWYCTTATCYTNWTH	4.04E-01	1.00E+00	6.19E+02	9280	3000	3000	28712	131	6	0.2	48	0.17
373	Ath_TF_binding_motifs.meme	AT5G04760	MP00055	YDGATAAGGY	4.67E-02	1.00E+00	6.19E+02	5765	3000	3000	28712	18.2	14	0.47	77	0.27
374	Ath_TF_binding_motifs.meme	AT5G04410	MP00059	NNRCAMGCCANN	9.46E-02	1.00E+00	6.19E+02	7754	3000	3000	28712	20	1	0.03	0	0
375	Ath_TF_binding_motifs.meme	AT5G04390	MP00487	NAGTGAWRDDR	2.34E-01	1.00E+00	6.19E+02	12806	3000	3000	28712	5.6	90	3	791	2.75
376	Ath_TF_binding_motifs.meme	AT5G04340	MP00622	YTAACACTAN	4.45E-01	1.00E+00	6.19E+02	4219	3000	3000	28712	4.78	50	1.67	465	1.62
377	Ath_TF_binding_motifs.meme	AT5G03790	MP00486	HTCAATTATTGNT	3.87E-01	1.00E+00	6.19E+02	4311	3000	3000	28712	281	2	0.07	12	0.04
378	Ath_TF_binding_motifs.meme	AT5G03150	MP00485	WWWWTTTTTGTCKTTTTSTD	6.65E-01	1.00E+00	6.19E+02	7464	3000	3000	28712	5.55E+03	1	0.03	10	0.03
379	Ath_TF_binding_motifs.meme	AT5G02840	MP00484	AGATATTTTT	8.14E-01	1.00E+00	6.19E+02	3984	3000	3000	28712	110	5	0.17	66	0.23
380	Ath_TF_binding_motifs.meme	AT5G02460	MP00483	RAAAAAGWAAAAARAAAAARA	4.51E-01	1.00E+00	6.19E+02	18758	3000	3000	28712	5.58E+03	7	0.23	60	0.21
381	Ath_TF_binding_motifs.meme	AT5G02320	MP00482	WAAWWDTDACCGTTR	1.42E-01	1.00E+00	6.19E+02	2746	3000	3000	28712	1.33	246	8.2	2192	7.63
382	Ath_TF_binding_motifs.meme	AT5G01900	MP00070	TGGTCAAC	2.07E-02	1.00E+00	6.19E+02	4933	3000	3000	28712	32.1	13	0.43	61	0.21
383	Ath_TF_binding_motifs.meme	AT4G40060	MP00051	TAATMATT	3.87E-01	1.00E+00	6.19E+02	7150	3000	3000	28712	19.8	2	0.07	12	0.04
384	Ath_TF_binding_motifs.meme	AT4G38910	MP00480	AGAGAGAGAGAGAGAGAGAGAGAGAGAGAG	1.06E-01	1.00E+00	6.19E+02	593	3000	3000	28712	2.72E+09	18	0.6	121	0.42
385	Ath_TF_binding_motifs.meme	AT4G38620	MP00479	HWWDWRKTWGGTRRR	3.28E-01	1.00E+00	6.19E+02	8417	3000	3000	28712	39.2	1	0.03	3	0.01
386	Ath_TF_binding_motifs.meme	AT4G38000	MP00478	HTTTTTWTTTTTTTTTTTTWWCTTTTTH	4.51E-01	1.00E+00	6.19E+02	20524	3000	3000	28712	3.68E+04	7	0.23	60	0.21
387	Ath_TF_binding_motifs.meme	AT4G37790	MP00477	MHYAATCATT	3.73E-01	1.00E+00	6.19E+02	5727	3000	3000	28712	28.8	3	0.1	20	0.07
388	Ath_TF_binding_motifs.meme	AT4G37180	MP00475	HARAAGATTCY	6.72E-02	1.00E+00	6.19E+02	7227	3000	3000	28712	51.6	6	0.2	25	0.09
389	Ath_TF_binding_motifs.meme	AT4G36740	MP00473	DHACCAATAATTGDDNHHWWW	4.57E-01	1.00E+00	6.19E+02	4050	3000	3000	28712	58.7	16	0.53	145	0.51
390	Ath_TF_binding_motifs.meme	AT4G36160	MP00471	CKTGWANHWCAMGCA	1.04E-01	1.00E+00	6.19E+02	3757	3000	3000	28712	316	2	0.07	4	0.01
391	Ath_TF_binding_motifs.meme	AT4G35580	MP00108	TTAAGTAAT	1.80E-01	1.00E+00	6.19E+02	1149	3000	3000	28712	160	1	0.03	1	0
392	Ath_TF_binding_motifs.meme	AT4G35550	MP00617	WRTCAATCAD	6.12E-02	1.00E+00	6.19E+02	7413	3000	3000	28712	33.8	3	0.1	7	0.02
393	Ath_TF_binding_motifs.meme	AT4G32730	MP00466	WWWWDTDACCGTTRN	1.27E-01	1.00E+00	6.19E+02	3304	3000	3000	28712	3.43	179	5.97	1564	5.45
394	Ath_TF_binding_motifs.meme	AT4G31610	MP00602	GCTACATCWH	5.32E-01	1.00E+00	6.19E+02	3645	3000	3000	28712	26.4	8	0.27	75	0.26
395	Ath_TF_binding_motifs.meme	AT4G31550	MP00464	DNCGTTGACTTTTD	2.49E-01	1.00E+00	6.19E+02	3215	3000	3000	28712	395	4	0.13	23	0.08
396	Ath_TF_binding_motifs.meme	AT4G30080	MP00461	TTTACGKTTTTGGCGGRAAAA	6.04E-01	1.00E+00	6.19E+02	149	3000	3000	28712	5.69E+03	2	0.07	19	0.07
397	Ath_TF_binding_motifs.meme	AT4G29230	MP00460	AGCKTGWDSNWSAAG	3.52E-02	1.00E+00	6.19E+02	4638	3000	3000	28712	34.4	56	1.87	408	1.42
398	Ath_TF_binding_motifs.meme	AT4G28500	MP00459	CTTSWYBHWCAMGYT	1.69E-01	1.00E+00	6.19E+02	6630	3000	3000	28712	93.6	15	0.5	106	0.37
399	Ath_TF_binding_motifs.meme	AT4G24240	MP00450	DNCGTTGACTTTTT	1.18E-01	1.00E+00	6.19E+02	1906	3000	3000	28712	1.34E+03	3	0.1	10	0.03
400	Ath_TF_binding_motifs.meme	AT4G24020	MP00449	WWWTGVCYYTTSRDD	1.67E-01	1.00E+00	6.19E+02	6986	3000	3000	28712	6.2	131	4.37	1144	3.98
401	Ath_TF_binding_motifs.meme	AT4G23550	MP00448	AAAAGTCAACK	2.51E-02	1.00E+00	6.19E+02	4714	3000	3000	28712	270	2	0.07	1	0
402	Ath_TF_binding_motifs.meme	AT4G21080	MP00446	NAWAAAGTWRCTTT	7.37E-02	1.00E+00	6.19E+02	9434	3000	3000	28712	253	2	0.07	3	0.01
403	Ath_TF_binding_motifs.meme	AT4G21040	MP00116	WAAAGCYWCTTTWD	1.80E-01	1.00E+00	6.19E+02	800	3000	3000	28712	744	1	0.03	1	0
404	Ath_TF_binding_motifs.meme	AT4G21030	MP00445	AAADNAAAAAGGYAAAAAA	3.16E-01	1.00E+00	6.19E+02	14479	3000	3000	28712	1.11E+03	2	0.07	10	0.03
405	Ath_TF_binding_motifs.meme	AT4G18960	MP00609	WWHTTTCCWTTTTTGGHAA	7.25E-01	1.00E+00	6.19E+02	10676	3000	3000	28712	261	6	0.2	69	0.24
406	Ath_TF_binding_motifs.meme	AT4G18770	MP00442	DWWWHGTAACGKWHD	1.34E-01	1.00E+00	6.19E+02	2689	3000	3000	28712	76.6	5	0.17	24	0.08
407	Ath_TF_binding_motifs.meme	AT4G18170	MP00440	DDCGTTGACTTTT	1.92E-01	1.00E+00	6.19E+02	5940	3000	3000	28712	19.3	88	2.93	760	2.65
408	Ath_TF_binding_motifs.meme	AT4G17980	MP00439	TRCKTGARRDWSAAG	7.79E-01	1.00E+00	6.19E+02	5321	3000	3000	28712	52.8	30	1	327	1.14
409	Ath_TF_binding_motifs.meme	AT4G17785	MP00438	DAARKTAGGTGRRA	2.58E-01	1.00E+00	6.19E+02	4439	3000	3000	28712	230	1	0.03	2	0.01
410	Ath_TF_binding_motifs.meme	AT4G17460	MP00050	SYAATCATKN	4.41E-01	1.00E+00	6.19E+02	6910	3000	3000	28712	19.3	12	0.4	106	0.37
411	Ath_TF_binding_motifs.meme	AT4G10350	MP00431	GRTWRCGTRWAWWWCAAGCAA	9.98E-01	1.00E+00	6.19E+02	2201	3000	3000	28712	226	1	0.03	64	0.22
412	Ath_TF_binding_motifs.meme	AT4G05100	MP00429	BYHYACCTAMCWWH	9.46E-02	1.00E+00	6.19E+02	2821	3000	3000	28712	158	1	0.03	0	0
413	Ath_TF_binding_motifs.meme	AT4G01680	MP00427	YYHCAMCHACCAYM	9.03E-01	1.00E+00	6.19E+02	5902	3000	3000	28712	15.4	102	3.4	1107	3.86
414	Ath_TF_binding_motifs.meme	AT4G01550	MP00426	WMCTTSTTYNHYAAG	1.71E-01	1.00E+00	6.19E+02	3472	3000	3000	28712	345	2	0.07	6	0.02
415	Ath_TF_binding_motifs.meme	AT4G01540	MP00425	ACTTSTNYVHTAAGT	7.25E-01	1.00E+00	6.19E+02	1351	3000	3000	28712	285	1	0.03	12	0.04
416	Ath_TF_binding_motifs.meme	AT4G01500	MP00424	HHTKKTCAGGTGDWWH	2.16E-02	1.00E+00	6.19E+02	4473	3000	3000	28712	63.9	6	0.2	18	0.06
417	Ath_TF_binding_motifs.meme	AT4G01280	MP00423	AGATATTTTTD	5.87E-01	1.00E+00	6.19E+02	4889	3000	3000	28712	115	6	0.2	59	0.21
418	Ath_TF_binding_motifs.meme	AT4G01250	MP00422	AAAAGTCAACKNH	2.83E-01	1.00E+00	6.19E+02	3272	3000	3000	28712	87.9	22	0.73	181	0.63
419	Ath_TF_binding_motifs.meme	AT4G00730	MP00421	GCATTAATTRY	8.32E-01	1.00E+00	6.19E+02	3614	3000	3000	28712	41.7	5	0.17	68	0.24
420	Ath_TF_binding_motifs.meme	AT4G00250	MP00420	WAYCTTATCCAWW	1.12E-02	1.00E+00	6.19E+02	3504	3000	3000	28712	114	11	0.37	43	0.15
421	Ath_TF_binding_motifs.meme	AT3G61910	MP00015	NTACACGCAAYCD	9.68E-03	1.00E+00	6.19E+02	3689	3000	3000	28712	2.88	116	3.87	875	3.05
422	Ath_TF_binding_motifs.meme	AT3G61890	MP00013	DAATGATTGG	4.81E-01	1.00E+00	6.19E+02	9135	3000	3000	28712	20.6	5	0.17	43	0.15
423	Ath_TF_binding_motifs.meme	AT3G61250	MP00114	DDDDWGGTAGGTGRR	6.30E-01	1.00E+00	6.19E+02	4312	3000	3000	28712	225	2	0.07	20	0.07
424	Ath_TF_binding_motifs.meme	AT3G61150	MP00418	RYAATTAATGM	8.23E-01	1.00E+00	6.19E+02	4465	3000	3000	28712	41.7	5	0.17	67	0.23
425	Ath_TF_binding_motifs.meme	AT3G61120	MP00417	TTWCCAAAAAWRGWAAAW	6.01E-01	1.00E+00	6.19E+02	2168	3000	3000	28712	544	7	0.23	70	0.24
426	Ath_TF_binding_motifs.meme	AT3G60580	MP00416	WKWAGTAR	1.55E-01	1.00E+00	6.19E+02	9935	3000	3000	28712	5.2	18	0.6	129	0.45
427	Ath_TF_binding_motifs.meme	AT3G57230	MP00410	TTTCCWTTTTDGGWA	4.67E-02	1.00E+00	6.19E+02	3664	3000	3000	28712	935	4	0.13	11	0.04
428	Ath_TF_binding_motifs.meme	AT3G56400	MP00408	DNCGTTGACTTTT	2.47E-02	1.00E+00	6.19E+02	1753	3000	3000	28712	113	21	0.7	120	0.42
429	Ath_TF_binding_motifs.meme	AT3G55370	MP00407	TTTWCTTTTTHHYTTTTTTTT	5.85E-01	1.00E+00	6.19E+02	20897	3000	3000	28712	3.48E+03	21	0.7	207	0.72
430	Ath_TF_binding_motifs.meme	AT3G54340	MP00077	WWCCAAAARWRGAAA	2.58E-01	1.00E+00	6.19E+02	8096	3000	3000	28712	1.12E+03	1	0.03	2	0.01
431	Ath_TF_binding_motifs.meme	AT3G53200	MP00406	AAAAAATTAGGTAWA	9.17E-01	1.00E+00	6.19E+02	892	3000	3000	28712	307	1	0.03	24	0.08
432	Ath_TF_binding_motifs.meme	AT3G52440	MP00405	VAWAAAGKDAA	9.86E-01	1.00E+00	6.19E+02	12227	3000	3000	28712	15.8	20	0.67	302	1.05
433	Ath_TF_binding_motifs.meme	AT3G51060	MP00613	CCCCTAGGGB	4.09E-02	1.00E+00	6.19E+02	1097	3000	3000	28712	5.68	39	1.3	271	0.94
434	Ath_TF_binding_motifs.meme	AT3G50700	MP00403	HABWAAACGACAAAA	6.56E-01	1.00E+00	6.19E+02	5710	3000	3000	28712	1.38E+03	3	0.1	32	0.11
435	Ath_TF_binding_motifs.meme	AT3G50410	MP00402	HHYYTTYTTTTTTWVCTTTTT	5.71E-01	1.00E+00	6.19E+02	20290	3000	3000	28712	911	5	0.17	48	0.17
436	Ath_TF_binding_motifs.meme	AT3G49690	MP00089	RGGGGGTAGGTGS	5.19E-01	1.00E+00	6.19E+02	305	3000	3000	28712	326	2	0.07	16	0.06
437	Ath_TF_binding_motifs.meme	AT3G48430	MP00608	ARAAACAGAGBA	7.25E-01	1.00E+00	6.19E+02	8279	3000	3000	28712	1.26E+03	1	0.03	12	0.04
438	Ath_TF_binding_motifs.meme	AT3G47620	MP00396	AVADAGVDBGTGGGDCCCAC	4.87E-01	1.00E+00	6.19E+02	124	3000	3000	28712	892	2	0.07	15	0.05
439	Ath_TF_binding_motifs.meme	AT3G47600	MP00395	DDDDWRGTRGTTGGRRDDD	9.86E-01	1.00E+00	6.19E+02	4671	3000	3000	28712	178	1	0.03	42	0.15
440	Ath_TF_binding_motifs.meme	AT3G47500	MP00394	AAAARDNAAAAAGTRAAAA	6.23E-01	1.00E+00	6.19E+02	14505	3000	3000	28712	161	27	0.9	271	0.94
441	Ath_TF_binding_motifs.meme	AT3G46090	MP00041	NNNNAGTGTRMTN	3.87E-01	1.00E+00	6.19E+02	5032	3000	3000	28712	7.69	2	0.07	12	0.04
442	Ath_TF_binding_motifs.meme	AT3G46070	MP00393	HYHHYHTCACTCTHH	5.77E-03	1.00E+00	6.19E+02	12103	3000	3000	28712	72.4	47	1.57	294	1.02
443	Ath_TF_binding_motifs.meme	AT3G45610	MP00392	KTWACTTTTTNNYTTTTTT	4.67E-02	1.00E+00	6.19E+02	16127	3000	3000	28712	546	4	0.13	11	0.04
444	Ath_TF_binding_motifs.meme	AT3G30210	MP00388	WWWGTTAGGTANRD	7.96E-01	1.00E+00	6.19E+02	4970	3000	3000	28712	51.3	1	0.03	15	0.05
445	Ath_TF_binding_motifs.meme	AT3G28920	MP00387	WTWAWHNVYTAATYA	1.59E-01	1.00E+00	6.19E+02	7239	3000	3000	28712	55.8	10	0.33	64	0.22
446	Ath_TF_binding_motifs.meme	AT3G28910	MP00386	BYHCCAACYACCAMC	9.72E-01	1.00E+00	6.19E+02	6519	3000	3000	28712	183	1	0.03	35	0.12
447	Ath_TF_binding_motifs.meme	AT3G27785	MP00385	WWWWYRWCCGTTACRWW	1.71E-01	1.00E+00	6.19E+02	1610	3000	3000	28712	399	2	0.07	6	0.02
448	Ath_TF_binding_motifs.meme	AT3G26790	MP00382	AHATRCATGCAWRHA	9.58E-01	1.00E+00	6.19E+02	2488	3000	3000	28712	331	1	0.03	31	0.11
449	Ath_TF_binding_motifs.meme	AT3G25990	MP00380	AACCATGGTTAAAWYWTAACM	8.73E-01	1.00E+00	6.19E+02	298	3000	3000	28712	1.27	23	0.77	275	0.96
450	Ath_TF_binding_motifs.meme	AT3G25730	MP00031	RCAACAKA	8.88E-01	1.00E+00	6.19E+02	4236	3000	3000	28712	26.8	1	0.03	21	0.07
451	Ath_TF_binding_motifs.meme	AT3G24650	MP00083	CTGCATGCA	9.01E-01	1.00E+00	6.19E+02	2481	3000	3000	28712	22.6	6	0.2	90	0.31
452	Ath_TF_binding_motifs.meme	AT3G23250	MP00375	YHHHAHHWHHYYCACCAACCH	3.87E-01	1.00E+00	6.19E+02	8930	3000	3000	28712	591	2	0.07	12	0.04
453	Ath_TF_binding_motifs.meme	AT3G22780	MP00370	WWTTWAAAATTTAAA	2.07E-01	1.00E+00	6.19E+02	6440	3000	3000	28712	611	4	0.13	21	0.07
454	Ath_TF_binding_motifs.meme	AT3G22760	MP00044	DTTTRAAT	1.95E-01	1.00E+00	6.19E+02	17040	3000	3000	28712	1.05	1601	53.37	15081	52.53
455	Ath_TF_binding_motifs.meme	AT3G21175	MP00369	TCATCATCATCATCA	8.77E-02	1.00E+00	6.19E+02	2117	3000	3000	28712	3.06E+05	11	0.37	63	0.22
456	Ath_TF_binding_motifs.meme	AT3G20770	MP00367	GWCYARRTTCAWTGW	2.15E-01	1.00E+00	6.19E+02	4194	3000	3000	28712	22.7	16	0.53	120	0.42
457	Ath_TF_binding_motifs.meme	AT3G18400	MP00364	CKTGTNHHACAMGTWA	1.00E+00	1.00E+00	6.19E+02	2631	3000	3000	28712	122	2	0.07	118	0.41
458	Ath_TF_binding_motifs.meme	AT3G17730	MP00363	WRCKTGTDNNACAAGBA	9.49E-01	1.00E+00	6.19E+02	3008	3000	3000	28712	217	2	0.07	46	0.16
459	Ath_TF_binding_motifs.meme	AT3G15510	MP00361	CTTGTTNHNCAAGAAAC	9.99E-01	1.00E+00	6.19E+02	1752	3000	3000	28712	1.29E+03	1	0.03	72	0.25
460	Ath_TF_binding_motifs.meme	AT3G15500	MP00360	DDBCNWDTHNNWCACGTMAYY	4.37E-01	1.00E+00	6.19E+02	3172	3000	3000	28712	30.9	10	0.33	87	0.3
461	Ath_TF_binding_motifs.meme	AT3G15170	MP00357	CKTGTNNNACAAGHAA	9.99E-01	1.00E+00	6.19E+02	2918	3000	3000	28712	147	3	0.1	109	0.38
462	Ath_TF_binding_motifs.meme	AT3G13810	MP00355	WWHTTWTTTTTGTCKTTTTBT	1.98E-01	1.00E+00	6.19E+02	13881	3000	3000	28712	1.76E+03	5	0.17	28	0.1
463	Ath_TF_binding_motifs.meme	AT3G13040	MP00354	AWGAAAACA	9.66E-01	1.00E+00	6.19E+02	12851	3000	3000	28712	1.1	1128	37.6	11280	39.29
464	Ath_TF_binding_motifs.meme	AT3G12820	MP00352	DDDDDDGGTAGGTGRR	2.39E-01	1.00E+00	6.19E+02	4004	3000	3000	28712	225	3	0.1	15	0.05
465	Ath_TF_binding_motifs.meme	AT3G12730	MP00351	AAARRGAATATTCY	1.31E-01	1.00E+00	6.19E+02	2525	3000	3000	28712	90.2	17	0.57	117	0.41
466	Ath_TF_binding_motifs.meme	AT3G12720	MP00350	DNDDNDNDDDYGKTWGGTRGR	5.48E-01	1.00E+00	6.19E+02	4449	3000	3000	28712	159	2	0.07	17	0.06
467	Ath_TF_binding_motifs.meme	AT3G12130	MP00113	AWDSAAAAAGKWRA	9.15E-01	1.00E+00	6.19E+02	17918	3000	3000	28712	30.7	10	0.33	141	0.49
468	Ath_TF_binding_motifs.meme	AT3G11280	MP00347	AWYCTTATCTTHWY	2.58E-01	1.00E+00	6.19E+02	9544	3000	3000	28712	222	1	0.03	2	0.01
469	Ath_TF_binding_motifs.meme	AT3G10580	MP00344	RDWDWRGATAAGVWT	1.36E-01	1.00E+00	6.19E+02	6131	3000	3000	28712	245	2	0.07	5	0.02
470	Ath_TF_binding_motifs.meme	AT3G10500	MP00343	TTTCTTGNRVAACAAGW	9.72E-01	1.00E+00	6.19E+02	1760	3000	3000	28712	2.24E+03	1	0.03	35	0.12
471	Ath_TF_binding_motifs.meme	AT3G10490	MP00612	RTTNCTTGNNHMRCAMGYWA	1.00E+00	1.00E+00	6.19E+02	2537	3000	3000	28712	448	1	0.03	124	0.43
472	Ath_TF_binding_motifs.meme	AT3G10480	MP00342	CTTGYRHHRCAAGTHA	1.00E+00	1.00E+00	6.19E+02	1687	3000	3000	28712	265	2	0.07	110	0.38
473	Ath_TF_binding_motifs.meme	AT3G10113	MP00341	HHHVAAAATATCTWA	9.63E-01	1.00E+00	6.19E+02	4686	3000	3000	28712	55	13	0.43	195	0.68
474	Ath_TF_binding_motifs.meme	AT3G09600	MP00338	AGATATTTTWDD	7.58E-01	1.00E+00	6.19E+02	4034	3000	3000	28712	116	3	0.1	38	0.13
475	Ath_TF_binding_motifs.meme	AT3G08500	MP00336	GNKGTTGGTGR	6.41E-01	1.00E+00	6.19E+02	10659	3000	3000	28712	54.3	15	0.5	154	0.54
476	Ath_TF_binding_motifs.meme	AT3G06740	MP00335	CATCATCATCATCATCATC	9.89E-02	1.00E+00	6.19E+02	2650	3000	3000	28712	4.56E+05	13	0.43	80	0.28
477	Ath_TF_binding_motifs.meme	AT3G04070	MP00333	AAGWKACGTGTDNDA	6.26E-01	1.00E+00	6.19E+02	4417	3000	3000	28712	1.16	377	12.57	3663	12.76
478	Ath_TF_binding_motifs.meme	AT3G04060	MP00332	TWACGTGTDNNACAMGHAANY	1.00E+00	1.00E+00	6.19E+02	1554	3000	3000	28712	217	2	0.07	137	0.48
479	Ath_TF_binding_motifs.meme	AT3G04030	MP00331	WADRGAATMTTYYD	1.42E-01	1.00E+00	6.19E+02	6872	3000	3000	28712	8.65	147	4.9	1279	4.45
480	Ath_TF_binding_motifs.meme	AT3G03660	MP00330	ARTTAATTARW	1.56E-01	1.00E+00	6.19E+02	5315	3000	3000	28712	46.1	14	0.47	96	0.33
481	Ath_TF_binding_motifs.meme	AT3G03200	MP00329	CKTGHDNNWCAAGYAA	9.91E-01	1.00E+00	6.19E+02	3474	3000	3000	28712	281	2	0.07	67	0.23
482	Ath_TF_binding_motifs.meme	AT3G02940	MP00327	DWRKTWGGTGARCHAHHD	9.74E-02	1.00E+00	6.19E+02	5573	3000	3000	28712	101	3	0.1	9	0.03
483	Ath_TF_binding_motifs.meme	AT3G01530	MP00324	YYTACCTAACTTTW	6.97E-01	1.00E+00	6.19E+02	1011	3000	3000	28712	311	1	0.03	11	0.04
484	Ath_TF_binding_motifs.meme	AT3G01470	MP00323	HYAATAATTRW	6.93E-01	1.00E+00	6.19E+02	6460	3000	3000	28712	60	4	0.13	45	0.16
485	Ath_TF_binding_motifs.meme	AT3G01220	MP00322	HYAATAATTRA	4.77E-01	1.00E+00	6.19E+02	5081	3000	3000	28712	33.7	20	0.67	185	0.64
486	Ath_TF_binding_motifs.meme	AT2G47460	MP00627	TTACCTACCN	4.28E-01	1.00E+00	6.19E+02	1859	3000	3000	28712	8.7	21	0.7	189	0.66
487	Ath_TF_binding_motifs.meme	AT2G46830	MP00103	AAATATCT	8.11E-01	1.00E+00	6.19E+02	4232	3000	3000	28712	40.3	4	0.13	54	0.19
488	Ath_TF_binding_motifs.meme	AT2G46770	MP00321	TWRCKTRAAWWWCAAGC	8.36E-02	1.00E+00	6.19E+02	3419	3000	3000	28712	179	4	0.13	14	0.05
489	Ath_TF_binding_motifs.meme	AT2G46680	MP00320	TCAATGATTGRWT	3.27E-01	1.00E+00	6.19E+02	3759	3000	3000	28712	132	5	0.17	35	0.12
490	Ath_TF_binding_motifs.meme	AT2G46590	MP00319	NAAAAAGKDAA	9.62E-01	1.00E+00	6.19E+02	13297	3000	3000	28712	11.4	145	4.83	1603	5.58
491	Ath_TF_binding_motifs.meme	AT2G46400	MP00112	MAAAGTCAACG	6.54E-02	1.00E+00	6.19E+02	3947	3000	3000	28712	45.3	33	1.1	233	0.81
492	Ath_TF_binding_motifs.meme	AT2G46130	MP00317	DNCGTTGACTTTTT	5.17E-02	1.00E+00	6.19E+02	4375	3000	3000	28712	72.6	25	0.83	163	0.57
493	Ath_TF_binding_motifs.meme	AT2G45680	MP00316	CCATTWBHHGTGGGTCCCACM	4.98E-01	1.00E+00	6.19E+02	372	3000	3000	28712	105	7	0.23	63	0.22
494	Ath_TF_binding_motifs.meme	AT2G45660	MP00076	TTTYTYTTTYTYTYTYTTTYT	1.84E-01	1.00E+00	6.19E+02	23574	3000	3000	28712	1.21	2222	74.07	21041	73.28
495	Ath_TF_binding_motifs.meme	AT2G45650	MP00315	TTWCCAAAAAWGGAAAAWW	8.26E-01	1.00E+00	6.19E+02	3261	3000	3000	28712	17.6	64	2.13	686	2.39
496	Ath_TF_binding_motifs.meme	AT2G45190	MP00620	YAATMATAAT	7.03E-01	1.00E+00	6.19E+02	11078	3000	3000	28712	11.6	9	0.3	99	0.34
497	Ath_TF_binding_motifs.meme	AT2G42280	MP00308	DKCMACTTGCM	5.61E-02	1.00E+00	6.19E+02	3091	3000	3000	28712	47.3	17	0.57	102	0.36
498	Ath_TF_binding_motifs.meme	AT2G42200	MP00307	HWTGTACKKWH	8.19E-03	1.00E+00	6.19E+02	4649	3000	3000	28712	5.23	53	1.77	348	1.21
499	Ath_TF_binding_motifs.meme	AT2G41835	MP00306	TTGAAAA	5.77E-01	1.00E+00	6.19E+02	7538	3000	3000	28712	23.2	2	0.07	18	0.06
500	Ath_TF_binding_motifs.meme	AT2G40620	MP00303	NMCAGCTGKCA	7.11E-01	1.00E+00	6.19E+02	1933	3000	3000	28712	61.7	3	0.1	35	0.12
501	Ath_TF_binding_motifs.meme	AT2G40260	MP00301	TWWWAAHATTCTYTT	6.37E-01	1.00E+00	6.19E+02	9331	3000	3000	28712	47.9	5	0.17	52	0.18
502	Ath_TF_binding_motifs.meme	AT2G38880	MP00300	TCCATCAWC	5.48E-01	1.00E+00	6.19E+02	2633	3000	3000	28712	89.8	1	0.03	7	0.02
503	Ath_TF_binding_motifs.meme	AT2G38470	MP00299	AAAAGTCAACG	2.39E-02	1.00E+00	6.19E+02	5119	3000	3000	28712	63.9	24	0.8	142	0.49
504	Ath_TF_binding_motifs.meme	AT2G38300	MP00297	AADRGAATDTT	9.99E-01	1.00E+00	6.19E+02	9791	3000	3000	28712	18.6	9	0.3	207	0.72
505	Ath_TF_binding_motifs.meme	AT2G38090	MP00296	AAWRDWDWGGATAAGDATRRD	4.49E-01	1.00E+00	6.19E+02	5327	3000	3000	28712	822	1	0.03	5	0.02
506	Ath_TF_binding_motifs.meme	AT2G37590	MP00295	HWTTTTHACTTTTTN	2.43E-01	1.00E+00	6.19E+02	13838	3000	3000	28712	41.6	82	2.73	720	2.51
507	Ath_TF_binding_motifs.meme	AT2G36610	MP00049	NNATAATWTAWNN	9.16E-01	1.00E+00	6.19E+02	15439	3000	3000	28712	6.67	3	0.1	54	0.19
508	Ath_TF_binding_motifs.meme	AT2G30590	MP00284	AAAAGTCAACG	7.37E-02	1.00E+00	6.19E+02	3449	3000	3000	28712	583	2	0.07	3	0.01
509	Ath_TF_binding_motifs.meme	AT2G28810	MP00281	TTYTTTTTTTTTWACTTTTTB	3.92E-01	1.00E+00	6.19E+02	17782	3000	3000	28712	5.03E+03	1	0.03	4	0.01
510	Ath_TF_binding_motifs.meme	AT2G27300	MP00280	NTTYCTTCWHYHBNAAGWA	6.52E-01	1.00E+00	6.19E+02	4551	3000	3000	28712	166	13	0.43	135	0.47
511	Ath_TF_binding_motifs.meme	AT2G24570	MP00278	AAAAAGTCAACGNH	7.01E-02	1.00E+00	6.19E+02	3762	3000	3000	28712	500	4	0.13	13	0.05
512	Ath_TF_binding_motifs.meme	AT2G24430	MP00277	TWRCKTGTDDNACAMGWW	1.00E+00	1.00E+00	6.19E+02	3075	3000	3000	28712	98.7	3	0.1	126	0.44
513	Ath_TF_binding_motifs.meme	AT2G23320	MP00275	AAAAGTCAACG	5.27E-02	1.00E+00	6.19E+02	5117	3000	3000	28712	86	15	0.5	86	0.3
514	Ath_TF_binding_motifs.meme	AT2G22430	MP00271	YAATMATTNWN	6.30E-01	1.00E+00	6.19E+02	9951	3000	3000	28712	14.7	2	0.07	20	0.07
515	Ath_TF_binding_motifs.meme	AT2G21900	MP00270	HAAAAGTCAAMN	4.90E-02	1.00E+00	6.19E+02	6716	3000	3000	28712	32.4	52	1.73	384	1.34
516	Ath_TF_binding_motifs.meme	AT2G21230	MP00037	YGMCAGCTGK	4.00E-01	1.00E+00	6.19E+02	3281	3000	3000	28712	47	3	0.1	21	0.07
517	Ath_TF_binding_motifs.meme	AT2G20400	MP00111	AARGAATATTCBNWW	1.08E-01	1.00E+00	6.19E+02	1378	3000	3000	28712	6.52	65	2.17	524	1.83
518	Ath_TF_binding_motifs.meme	AT2G20110	MP00269	WTTTAAATTTTTWAA	1.26E-01	1.00E+00	6.19E+02	6475	3000	3000	28712	243	15	0.5	100	0.35
519	Ath_TF_binding_motifs.meme	AT2G18060	MP00266	CKTGWDNHDYAMG	4.77E-01	1.00E+00	6.19E+02	5835	3000	3000	28712	39.8	3	0.1	24	0.08
520	Ath_TF_binding_motifs.meme	AT2G17950	MP00265	TCAWTCAWTCA	4.44E-01	1.00E+00	6.19E+02	4220	3000	3000	28712	77	19	0.63	172	0.6
521	Ath_TF_binding_motifs.meme	AT2G06200	MP00263	NNDDHWKTGTCAGA	1.60E-02	1.00E+00	6.19E+02	3035	3000	3000	28712	1.85	251	8.37	2084	7.26
522	Ath_TF_binding_motifs.meme	AT2G03710	MP00030	VKTWCCAWWWATAGWWMN	3.71E-01	1.00E+00	6.19E+02	4817	3000	3000	28712	57	10	0.33	82	0.29
523	Ath_TF_binding_motifs.meme	AT2G03340	MP00260	AAAAGTCAACG	2.36E-02	1.00E+00	6.19E+02	4945	3000	3000	28712	53.6	34	1.13	219	0.76
524	Ath_TF_binding_motifs.meme	AT2G02540	MP00258	NCAMCAATWATTGD	7.75E-01	1.00E+00	6.19E+02	3938	3000	3000	28712	168	1	0.03	14	0.05
525	Ath_TF_binding_motifs.meme	AT2G02450	MP00257	CSTVWHNHAYACGKMAHHT	1.14E-01	1.00E+00	6.19E+02	2401	3000	3000	28712	2.47	135	4.5	1155	4.02
526	Ath_TF_binding_motifs.meme	AT2G02080	MP00256	MASAAAAMGACAAAAAW	2.34E-01	1.00E+00	6.19E+02	5071	3000	3000	28712	1.75E+03	6	0.2	38	0.13
527	Ath_TF_binding_motifs.meme	AT2G02070	MP00255	TTTTTGTCGTTTWSTG	2.39E-01	1.00E+00	6.19E+02	3948	3000	3000	28712	2.02E+03	3	0.1	15	0.05
528	Ath_TF_binding_motifs.meme	AT2G01940	MP00254	AAAAWAAGACAAAAW	3.28E-01	1.00E+00	6.19E+02	9044	3000	3000	28712	2.54E+03	1	0.03	3	0.01
529	Ath_TF_binding_motifs.meme	AT2G01930	MP00253	GAGAGAGAGAGAGAGAGAGAGAGA	1.58E-01	1.00E+00	6.19E+02	4892	3000	3000	28712	4.38E+10	12	0.4	80	0.28
530	Ath_TF_binding_motifs.meme	AT2G01570	MP00611	VAGAAAAAGACAAAARNARR	3.76E-03	1.00E+00	6.19E+02	25100	3000	3000	28712	1.06	2431	81.03	22668	78.95
531	Ath_TF_binding_motifs.meme	AT2G01060	MP00252	AAARGAATATTCY	1.57E-02	1.00E+00	6.19E+02	2711	3000	3000	28712	3.49	141	4.7	1109	3.86
532	Ath_TF_binding_motifs.meme	AT1G80840	MP00251	DNYKTTGACTTTTHN	1.19E-01	1.00E+00	6.19E+02	5825	3000	3000	28712	141	5	0.17	23	0.08
533	Ath_TF_binding_motifs.meme	AT1G79580	MP00250	GRTWRCGTRHRDHWCAAGYAA	9.38E-01	1.00E+00	6.19E+02	2424	3000	3000	28712	649	1	0.03	27	0.09
534	Ath_TF_binding_motifs.meme	AT1G79180	MP00249	HNHHHNHYYCACCAACCMCHH	5.69E-01	1.00E+00	6.19E+02	4392	3000	3000	28712	193	12	0.4	117	0.41
535	Ath_TF_binding_motifs.meme	AT1G77080	MP00105	WCTTTCTATTTTKGG	3.46E-01	1.00E+00	6.19E+02	5415	3000	3000	28712	836	3	0.1	19	0.07
536	Ath_TF_binding_motifs.meme	AT1G76890	MP00244	WTTTTTACCGYHDT	5.91E-01	1.00E+00	6.19E+02	7602	3000	3000	28712	11.1	61	2.03	598	2.08
537	Ath_TF_binding_motifs.meme	AT1G76880	MP00243	AYRGTAAAAAWDDWWW	4.49E-01	1.00E+00	6.19E+02	7344	3000	3000	28712	173	1	0.03	5	0.02
538	Ath_TF_binding_motifs.meme	AT1G76420	MP00241	RCGTGWRNHACAMGHAAH	7.51E-01	1.00E+00	6.19E+02	2305	3000	3000	28712	264	4	0.13	49	0.17
539	Ath_TF_binding_motifs.meme	AT1G75240	MP00238	NHGTRATTARB	6.48E-02	1.00E+00	6.19E+02	6741	3000	3000	28712	14.6	8	0.27	38	0.13
540	Ath_TF_binding_motifs.meme	AT1G74840	MP00236	WWTGGATAADR	1.80E-01	1.00E+00	6.19E+02	4298	3000	3000	28712	93.2	1	0.03	1	0
541	Ath_TF_binding_motifs.meme	AT1G74650	MP00235	YAMCTMCCAACHAMH	7.51E-01	1.00E+00	6.19E+02	5654	3000	3000	28712	132	4	0.13	49	0.17
542	Ath_TF_binding_motifs.meme	AT1G73730	MP00233	NYGTCYAGRTTCAWWDWMDHT	1.11E-01	1.00E+00	6.19E+02	1599	3000	3000	28712	17	23	0.77	163	0.57
543	Ath_TF_binding_motifs.meme	AT1G73360	MP00232	GCATTAAWTRY	8.53E-01	1.00E+00	6.19E+02	3245	3000	3000	28712	30	9	0.3	117	0.41
544	Ath_TF_binding_motifs.meme	AT1G72010	MP00228	WWGTGGGHCCCAC	7.37E-02	1.00E+00	6.19E+02	958	3000	3000	28712	2.17E+03	2	0.07	3	0.01
545	Ath_TF_binding_motifs.meme	AT1G70920	MP00226	NYAATYATTDD	2.47E-01	1.00E+00	6.19E+02	4943	3000	3000	28712	35.5	7	0.23	47	0.16
546	Ath_TF_binding_motifs.meme	AT1G70000	MP00630	NTGGATAABV	1.93E-01	1.00E+00	6.19E+02	6278	3000	3000	28712	7	94	3.13	815	2.84
547	Ath_TF_binding_motifs.meme	AT1G69780	MP00225	HYAATAATTDW	8.11E-01	1.00E+00	6.19E+02	8720	3000	3000	28712	11	63	2.1	671	2.34
548	Ath_TF_binding_motifs.meme	AT1G69570	MP00223	TTTTYACTTTTTYTTTTTTTTTTTTTW	6.87E-01	1.00E+00	6.19E+02	17249	3000	3000	28712	2.39E+04	6	0.2	66	0.23
549	Ath_TF_binding_motifs.meme	AT1G69310	MP00067	DWRGTCAAMN	4.70E-03	1.00E+00	6.19E+02	9402	3000	3000	28712	6.1	48	1.6	298	1.04
550	Ath_TF_binding_motifs.meme	AT1G69180	MP00220	TATGATWA	3.28E-01	1.00E+00	6.19E+02	8070	3000	3000	28712	17.9	1	0.03	3	0.01
551	Ath_TF_binding_motifs.meme	AT1G69120	MP00096	CYAAAAATGGAA	6.15E-01	1.00E+00	6.19E+02	9410	3000	3000	28712	6.88	147	4.9	1438	5.01
552	Ath_TF_binding_motifs.meme	AT1G68840	MP00025	TATGTTGC	9.96E-01	1.00E+00	6.19E+02	5571	3000	3000	28712	19.2	1	0.03	54	0.19
553	Ath_TF_binding_motifs.meme	AT1G68320	MP00216	AHWAWAGTTAGGYAD	9.46E-02	1.00E+00	6.19E+02	4044	3000	3000	28712	240	1	0.03	0	0
554	Ath_TF_binding_motifs.meme	AT1G67260	MP00215	WGTGGGCCCCMCBTHHYMWNNHKDKHHNNY	1.29E-01	1.00E+00	6.19E+02	379	3000	3000	28712	10.8	24	0.8	175	0.61
555	Ath_TF_binding_motifs.meme	AT1G66600	MP00066	HGGTCAAC	1.25E-01	1.00E+00	6.19E+02	6709	3000	3000	28712	1.27	581	19.37	5309	18.49
556	Ath_TF_binding_motifs.meme	AT1G66420	MP00214	AACMTTATCCATWWMTTRD	4.05E-01	1.00E+00	6.19E+02	2405	3000	3000	28712	36.2	23	0.77	205	0.71
557	Ath_TF_binding_motifs.meme	AT1G66370	MP00213	DAKTYMGTTAT	1.06E-01	1.00E+00	6.19E+02	5868	3000	3000	28712	8.26	44	1.47	340	1.18
558	Ath_TF_binding_motifs.meme	AT1G65910	MP00212	CTTSWNHHDCAMGYWA	1.00E+00	1.00E+00	6.19E+02	3710	3000	3000	28712	174	2	0.07	100	0.35
559	Ath_TF_binding_motifs.meme	AT1G64620	MP00210	WWAAANNAAAAAGKWAAAW	5.74E-02	1.00E+00	6.19E+02	16741	3000	3000	28712	349	12	0.4	65	0.23
560	Ath_TF_binding_motifs.meme	AT1G62300	MP00209	CGTTGACTWWDDYWDWNHH	2.16E-02	1.00E+00	6.19E+02	3432	3000	3000	28712	56.5	25	0.83	148	0.52
561	Ath_TF_binding_motifs.meme	AT1G61110	MP00058	YACGTAAY	2.54E-02	1.00E+00	6.19E+02	3536	3000	3000	28712	1.08	333	11.1	2855	9.94
562	Ath_TF_binding_motifs.meme	AT1G60920	MP00208	TCACCA	9.69E-01	1.00E+00	6.19E+02	8734	3000	3000	28712	13.7	12	0.4	187	0.65
563	Ath_TF_binding_motifs.meme	AT1G55110	MP00206	HASAAAACGACAAAAAWW	5.87E-01	1.00E+00	6.19E+02	4343	3000	3000	28712	907	7	0.23	69	0.24
564	Ath_TF_binding_motifs.meme	AT1G54330	MP00205	TTDCTTGTNNHACAMGYWAYC	1.00E+00	1.00E+00	6.19E+02	1729	3000	3000	28712	226	2	0.07	189	0.66
565	Ath_TF_binding_motifs.meme	AT1G52880	MP00201	TDNCGTRWHNNAYACGTAA	4.49E-01	1.00E+00	6.19E+02	2904	3000	3000	28712	250	1	0.03	5	0.02
566	Ath_TF_binding_motifs.meme	AT1G52150	MP00200	RAWDRTAATGATKAY	6.32E-01	1.00E+00	6.19E+02	4574	3000	3000	28712	68.2	19	0.63	193	0.67
567	Ath_TF_binding_motifs.meme	AT1G51700	MP00199	AAAAAVAAAAAGTARAAAAWR	5.48E-01	1.00E+00	6.19E+02	19100	3000	3000	28712	2.19E+03	1	0.03	7	0.02
568	Ath_TF_binding_motifs.meme	AT1G51220	MP00197	WACCTGGAGAAMAWR	2.48E-02	1.00E+00	6.19E+02	5554	3000	3000	28712	20.6	23	0.77	135	0.47
569	Ath_TF_binding_motifs.meme	AT1G51140	MP00195	WNDBCMACTTGCHH	1.88E-01	1.00E+00	6.19E+02	3119	3000	3000	28712	91.1	3	0.1	13	0.05
570	Ath_TF_binding_motifs.meme	AT1G49480	MP00192	RAMAAAAAAAAAAAA	2.15E-01	1.00E+00	6.19E+02	17302	3000	3000	28712	2.14E+04	5	0.17	29	0.1
571	Ath_TF_binding_motifs.meme	AT1G49010	MP00191	HWWAWYCTTATCYWH	1.71E-01	1.00E+00	6.19E+02	7860	3000	3000	28712	126	2	0.07	6	0.02
572	Ath_TF_binding_motifs.meme	AT1G47655	MP00189	NNAWAAAGTRR	2.64E-01	1.00E+00	6.19E+02	11144	3000	3000	28712	14.6	9	0.3	65	0.23
573	Ath_TF_binding_motifs.meme	AT1G43700	MP00184	DTGMCAGCTGKH	3.85E-01	1.00E+00	6.19E+02	1196	3000	3000	28712	93.7	5	0.17	38	0.13
574	Ath_TF_binding_motifs.meme	AT1G35460	MP00181	TGCAAGTKGMH	1.79E-01	1.00E+00	6.19E+02	2531	3000	3000	28712	32.7	30	1	236	0.82
575	Ath_TF_binding_motifs.meme	AT1G34670	MP00180	DDKDDDDDRKTWGGTGRAMHW	4.73E-01	1.00E+00	6.19E+02	7901	3000	3000	28712	84.9	6	0.2	52	0.18
576	Ath_TF_binding_motifs.meme	AT1G34190	MP00179	WDNTTHCTTGBNNVRCAMG	9.97E-01	1.00E+00	6.19E+02	1467	3000	3000	28712	777	2	0.07	78	0.27
577	Ath_TF_binding_motifs.meme	AT1G34180	MP00178	CKTGNRGVWCAMGBA	2.51E-01	1.00E+00	6.19E+02	2529	3000	3000	28712	229	5	0.17	31	0.11
578	Ath_TF_binding_motifs.meme	AT1G33240	MP00177	AYRGTAAAAA	6.97E-01	1.00E+00	6.19E+02	7489	3000	3000	28712	17	18	0.6	191	0.67
579	Ath_TF_binding_motifs.meme	AT1G32870	MP00176	CTTGNNRARCAAGNAA	6.65E-01	1.00E+00	6.19E+02	2489	3000	3000	28712	1.49E+03	1	0.03	10	0.03
580	Ath_TF_binding_motifs.meme	AT1G32510	MP00175	GTTRCTTGHDDNWSAAGCAAC	9.96E-01	1.00E+00	6.19E+02	1449	3000	3000	28712	1.66E+03	1	0.03	54	0.19
581	Ath_TF_binding_motifs.meme	AT1G32240	MP00174	HTHRGAATATTCTTT	6.65E-01	1.00E+00	6.19E+02	5071	3000	3000	28712	188	1	0.03	10	0.03
582	Ath_TF_binding_motifs.meme	AT1G31140	MP00172	TKCCAAAAATGGMAA	1.19E-02	1.00E+00	6.19E+02	3231	3000	3000	28712	16.9	67	2.23	470	1.64
583	Ath_TF_binding_motifs.meme	AT1G30650	MP00171	AAAAGTCAACGNH	1.64E-02	1.00E+00	6.19E+02	3117	3000	3000	28712	141	17	0.57	86	0.3
584	Ath_TF_binding_motifs.meme	AT1G30490	MP00170	DTAATCATTAYHWTY	8.50E-01	1.00E+00	6.19E+02	4862	3000	3000	28712	125	4	0.13	58	0.2
585	Ath_TF_binding_motifs.meme	AT1G30210	MP00169	DTKGGGACCACH	4.60E-02	1.00E+00	6.19E+02	1059	3000	3000	28712	447	3	0.1	6	0.02
586	Ath_TF_binding_motifs.meme	AT1G29860	MP00168	AAAAGTCAACG	4.72E-02	1.00E+00	6.19E+02	4013	3000	3000	28712	427	2	0.07	2	0.01
587	Ath_TF_binding_motifs.meme	AT1G29280	MP00167	AAAAGTCAACG	3.13E-02	1.00E+00	6.19E+02	3596	3000	3000	28712	82.4	22	0.73	131	0.46
588	Ath_TF_binding_motifs.meme	AT1G29160	MP00166	RWAAAAADDAAAAAGTRAAAA	3.92E-01	1.00E+00	6.19E+02	16791	3000	3000	28712	2.89E+03	1	0.03	4	0.01
589	Ath_TF_binding_motifs.meme	AT1G28470	MP00165	WRCKTGWNGNWSAAG	2.90E-01	1.00E+00	6.19E+02	4209	3000	3000	28712	72	19	0.63	155	0.54
590	Ath_TF_binding_motifs.meme	AT1G28300	MP00032	MTGCATGC	9.69E-01	1.00E+00	6.19E+02	562	3000	3000	28712	103	1	0.03	34	0.12
591	Ath_TF_binding_motifs.meme	AT1G27730	MP00162	CACTNHCACTN	1.18E-01	1.00E+00	6.19E+02	9452	3000	3000	28712	29.6	3	0.1	10	0.03
592	Ath_TF_binding_motifs.meme	AT1G27360	MP00161	WDHMAGTACAA	1.18E-01	1.00E+00	6.19E+02	4144	3000	3000	28712	22.6	3	0.1	10	0.03
593	Ath_TF_binding_motifs.meme	AT1G25560	MP00024	TATGTTGC	9.62E-01	1.00E+00	6.19E+02	6995	3000	3000	28712	17.1	1	0.03	32	0.11
594	Ath_TF_binding_motifs.meme	AT1G25340	MP00159	WANAAWAGTTAGGYW	9.46E-02	1.00E+00	6.19E+02	2876	3000	3000	28712	753	1	0.03	0	0
595	Ath_TF_binding_motifs.meme	AT1G24260	MP00605	CCAAAAAWGGAAA	4.14E-01	1.00E+00	6.19E+02	9570	3000	3000	28712	52.2	31	1.03	281	0.98
596	Ath_TF_binding_motifs.meme	AT1G22640	MP00053	NGGTAGGTANN	3.87E-01	1.00E+00	6.19E+02	2632	3000	3000	28712	57.9	2	0.07	12	0.04
597	Ath_TF_binding_motifs.meme	AT1G19850	MP00153	NCCGACAARW	1.74E-02	1.00E+00	6.19E+02	6104	3000	3000	28712	29.7	20	0.67	108	0.38
598	Ath_TF_binding_motifs.meme	AT1G19790	MP00152	AAACCCTAAACCCTAAACCCTAA	4.47E-01	1.00E+00	6.19E+02	95	3000	3000	28712	27.6	4	0.13	32	0.11
599	Ath_TF_binding_motifs.meme	AT1G19040	MP00150	WWACTTGVRGHNCAAG	4.22E-01	1.00E+00	6.19E+02	2061	3000	3000	28712	1.25E+03	2	0.07	13	0.05
600	Ath_TF_binding_motifs.meme	AT1G19000	MP00149	WWWTGGATAAGRWW	5.57E-02	1.00E+00	6.19E+02	3520	3000	3000	28712	182	7	0.23	30	0.1
601	Ath_TF_binding_motifs.meme	AT1G18960	MP00148	NADHWNHWWCAMCAACAHNWNH	2.40E-01	1.00E+00	6.19E+02	8179	3000	3000	28712	610	11	0.37	80	0.28
602	Ath_TF_binding_motifs.meme	AT1G18570	MP00147	HWHHHHHHNHYYYACCWACYW	1.34E-01	1.00E+00	6.19E+02	5629	3000	3000	28712	143	5	0.17	24	0.08
603	Ath_TF_binding_motifs.meme	AT1G18330	MP00146	RAAAATATCTWA	5.48E-01	1.00E+00	6.19E+02	2823	3000	3000	28712	236	1	0.03	7	0.02
604	Ath_TF_binding_motifs.meme	AT1G16490	MP00144	DDDGGTTGGTGRANN	2.07E-01	1.00E+00	6.19E+02	5432	3000	3000	28712	315	2	0.07	7	0.02
605	Ath_TF_binding_motifs.meme	AT1G14580	MP00142	WWWWTTTTTGTCGTTTTSTK	4.40E-01	1.00E+00	6.19E+02	5938	3000	3000	28712	421	15	0.5	134	0.47
606	Ath_TF_binding_motifs.meme	AT1G13450	MP00141	MHYTAACCATRGTTAAAWH	4.44E-02	1.00E+00	6.19E+02	2504	3000	3000	28712	3.08	120	4	970	3.38
607	Ath_TF_binding_motifs.meme	AT1G13260	MP00139	MWGRTDWTTTYTGTTGB	2.58E-01	1.00E+00	6.19E+02	8757	3000	3000	28712	445	1	0.03	2	0.01
608	Ath_TF_binding_motifs.meme	AT1G12260	MP00136	CKTRAAWHWYAMGCA	4.72E-02	1.00E+00	6.19E+02	3428	3000	3000	28712	280	2	0.07	2	0.01
609	Ath_TF_binding_motifs.meme	AT1G09540	MP00134	YYYAMCHACCAHHHH	3.52E-01	1.00E+00	6.19E+02	5888	3000	3000	28712	158	2	0.07	11	0.04
610	Ath_TF_binding_motifs.meme	AT1G09030	MP00133	TGAAAAN	9.94E-01	1.00E+00	6.19E+02	16491	3000	3000	28712	11.4	1	0.03	51	0.18
611	Ath_TF_binding_motifs.meme	AT1G08810	MP00132	HHWYYYCAACYACYTHHNH	8.63E-01	1.00E+00	6.19E+02	5598	3000	3000	28712	295	1	0.03	19	0.07
612	Ath_TF_binding_motifs.meme	AT1G06850	MP00129	DTGMCAGCTKGKHW	5.77E-01	1.00E+00	6.19E+02	1884	3000	3000	28712	65.9	2	0.07	18	0.06
613	Ath_TF_binding_motifs.meme	AT1G06180	MP00127	DNDDKGGTWGGTGRR	2.66E-01	1.00E+00	6.19E+02	4419	3000	3000	28712	282	3	0.1	16	0.06
614	Ath_TF_binding_motifs.meme	AT1G06070	MP00126	KMCAGCTGKCA	1.67E-01	1.00E+00	6.19E+02	505	3000	3000	28712	2.39	36	1.2	286	1
615	Ath_TF_binding_motifs.meme	AT1G03840	MP00125	HAVAAAACGACAAAAAWWWW	7.99E-01	1.00E+00	6.19E+02	3863	3000	3000	28712	2.27E+03	3	0.1	41	0.14
616	Ath_TF_binding_motifs.meme	AT1G02250	MP00123	TWRCTTVTTYHAYAAGTTW	9.81E-01	1.00E+00	6.19E+02	2716	3000	3000	28712	576	1	0.03	39	0.14
617	Ath_TF_binding_motifs.meme	AT1G02230	MP00122	CTTVTTYHRYAAGT	4.03E-01	1.00E+00	6.19E+02	2135	3000	3000	28712	149	13	0.43	112	0.39
618	Ath_TF_binding_motifs.meme	AT1G02065	MP00090	WWDWHYGTACHHYWWW	7.59E-01	1.00E+00	6.19E+02	4175	3000	3000	28712	22.7	6	0.2	72	0.25
619	Ath_TF_binding_motifs.meme	AT1G01060	MP00119	AGATATTTTN	6.00E-01	1.00E+00	6.19E+02	4063	3000	3000	28712	52.4	10	0.33	100	0.35
																
# AME (Analysis of Motif Enrichment): Version 5.1.0 compiled on Dec 25 2019 at 11:07:57																
# The format of this file is described at http://meme-suite.org//doc/ame-output-format.html.																
# ame --evalue-report-threshold 619 --control /Users/Satoyo/data/ChIP14/ATXR-tags/SVM/fasta/ATX3_TSS_unbound2_TSS_150_300.fasta --oc ame_out /Users/Satoyo/data/ChIP14/ATXR-tags/SVM/fasta/ATX3_TSS_bound_TSS_150_300.fasta Ath_TF_binding_motifs.meme																